To,From,Date,Subject,nombre_remitente,CurrentEmploymentType_remitente,CurrentEmploymentTitle_remitente,nombre_dest,CurrentEmploymentType_dest,CurrentEmploymentTitle_dest
Ada.Campo-Corrente@gastech.com.kronos,Felix.Resumir@gastech.com.kronos,1/7/2014 11:08,"RE: Hey, I’m going home sick.",Felix Resumir,Security,Security Group Manager,Ada Campo-Corrente,Executive,SVP/CIO
Ada.Campo-Corrente@gastech.com.kronos,Felix.Resumir@gastech.com.kronos,1/7/2014 12:01,"RE: Hey, I’m going home sick.",Felix Resumir,Security,Security Group Manager,Ada Campo-Corrente,Executive,SVP/CIO
Ada.Campo-Corrente@gastech.com.kronos,Ruscella.Mies.Haber@gastech.com.kronos,1/15/2014 18:04,RE: Deadline changed?,Ruscella Mies Haber,Administration,Assistant to Engineering Group Manager,Ada Campo-Corrente,Executive,SVP/CIO
Adra.Nubarron@gastech.com.kronos,Minke.Mies@gastech.com.kronos,1/10/2014 12:52,Awwww- cute!,Minke Mies,Security,Perimeter Control,Adra Nubarron,Engineering,Geologist
Adra.Nubarron@gastech.com.kronos,Ruscella.Mies.Haber@gastech.com.kronos,1/13/2014 10:15,Plants,Ruscella Mies Haber,Administration,Assistant to Engineering Group Manager,Adra Nubarron,Engineering,Geologist
Adra.Nubarron@gastech.com.kronos,Ruscella.Mies.Haber@gastech.com.kronos,1/13/2014 13:16,RE: Plants,Ruscella Mies Haber,Administration,Assistant to Engineering Group Manager,Adra Nubarron,Engineering,Geologist
Albina.Hafon@gastech.com.kronos,Rachel.Pantanal@gastech.com.kronos,1/10/2014 16:08,RE: Service anniversary,Rachel Pantanal,Administration,Assistant to CIO,Albina Hafon,Facilities,Truck Driver
Anda.Ribera@gastech.com.kronos,Gustav.Cazar@gastech.com.kronos,1/7/2014 15:39,RE: Need a ride to lunch later,Gustav Cazar,Engineering,Hydraulic Technician,Anda Ribera,Administration,Assistant to CFO
Anda.Ribera@gastech.com.kronos,Henk.Mies@gastech.com.kronos,1/13/2014 14:00,Tools,Henk Mies,Facilities,Truck Driver,Anda Ribera,Administration,Assistant to CFO
Anda.Ribera@gastech.com.kronos,Henk.Mies@gastech.com.kronos,1/13/2014 16:33,RE: Tools,Henk Mies,Facilities,Truck Driver,Anda Ribera,Administration,Assistant to CFO
Anda.Ribera@gastech.com.kronos,Lars.Azada@gastech.com.kronos,1/14/2014 11:19,Who’s tracking the office pool,Lars Azada,Engineering,Engineer,Anda Ribera,Administration,Assistant to CFO
Anda.Ribera@gastech.com.kronos,Lars.Azada@gastech.com.kronos,1/14/2014 14:15,RE: Who’s tracking the office pool,Lars Azada,Engineering,Engineer,Anda Ribera,Administration,Assistant to CFO
Anda.Ribera@gastech.com.kronos,Valeria.Morlun@gastech.com.kronos,1/6/2014 13:49,RE: Favor - borrow hedge trimmer,Valeria Morlun,Facilities,Truck Driver,Anda Ribera,Administration,Assistant to CFO
Axel.Calzas@gastech.com.kronos,Linnea.Bergen@gastech.com.kronos,1/8/2014 9:53,Supplies,Linnea Bergen,Information Technology,IT Group Manager,Axel Calzas,Engineering,Drill Technician
Axel.Calzas@gastech.com.kronos,Nils.Calixto@gastech.com.kronos,1/15/2014 14:30,RE: Going home sick,Nils Calixto,Information Technology,IT Technician,Axel Calzas,Engineering,Drill Technician
Axel.Calzas@gastech.com.kronos,Nils.Calixto@gastech.com.kronos,1/15/2014 15:25,RE: Going home sick,Nils Calixto,Information Technology,IT Technician,Axel Calzas,Engineering,Drill Technician
Axel.Calzas@gastech.com.kronos,Varja.Lagos@gastech.com.kronos,1/10/2014 11:45,RE: Out of staples,Varja Lagos,Security,Badging Office,Axel Calzas,Engineering,Drill Technician
Benito.Hawelon@gastech.com.kronos,Elsa.Orilla@gastech.com.kronos,1/8/2014 12:29,RE: Who’s tracking the office pool,Elsa Orilla,Engineering,Drill Technician,Benito Hawelon,Facilities,Truck Driver
Benito.Hawelon@gastech.com.kronos,Elsa.Orilla@gastech.com.kronos,1/8/2014 13:07,RE: Who’s tracking the office pool,Elsa Orilla,Engineering,Drill Technician,Benito Hawelon,Facilities,Truck Driver
Benito.Hawelon@gastech.com.kronos,Felix.Resumir@gastech.com.kronos,1/17/2014 10:17,RE: Are you buying coffee?,Felix Resumir,Security,Security Group Manager,Benito Hawelon,Facilities,Truck Driver
Benito.Hawelon@gastech.com.kronos,Felix.Resumir@gastech.com.kronos,1/17/2014 11:25,RE: Are you buying coffee?,Felix Resumir,Security,Security Group Manager,Benito Hawelon,Facilities,Truck Driver
Benito.Hawelon@gastech.com.kronos,Kare.Orilla@gastech.com.kronos,1/10/2014 10:24,Concert,Kare Orilla,Engineering,Drill Technician,Benito Hawelon,Facilities,Truck Driver
Birgitta.Frente@gastech.com.kronos,Isak.Baza@gastech.com.kronos,1/15/2014 15:14,RE: Are you buying coffee?,Isak Baza,Information Technology,IT Technician,Birgitta Frente,Engineering,Geologist
Birgitta.Frente@gastech.com.kronos,Isak.Baza@gastech.com.kronos,1/15/2014 15:30,RE: Are you buying coffee?,Isak Baza,Information Technology,IT Technician,Birgitta Frente,Engineering,Geologist
Carla.Forluniau@gastech.com.kronos,Felix.Balas@gastech.com.kronos,1/7/2014 11:14,I’m in! -  post a list,Felix Balas,Engineering,Engineer,Carla Forluniau,Administration,Assistant to IT Group Manager
Carla.Forluniau@gastech.com.kronos,Felix.Balas@gastech.com.kronos,1/7/2014 12:37,RE: I’m in! -  post a list,Felix Balas,Engineering,Engineer,Carla Forluniau,Administration,Assistant to IT Group Manager
Carla.Forluniau@gastech.com.kronos,Varro.Awelon@gastech.com.kronos,1/16/2014 11:22,RE: Favor - borrow hedge trimmer,Varro Awelon,Facilities,Janitor,Carla Forluniau,Administration,Assistant to IT Group Manager
Carla.Forluniau@gastech.com.kronos,Varro.Awelon@gastech.com.kronos,1/16/2014 12:36,RE: Favor - borrow hedge trimmer,Varro Awelon,Facilities,Janitor,Carla Forluniau,Administration,Assistant to IT Group Manager
Cecilia.Morluniau@gastech.com.kronos,Adra.Nubarron@gastech.com.kronos,1/7/2014 13:48,Plants,Adra Nubarron,Engineering,Geologist,Cecilia Morluniau,Facilities,Truck Driver
Cecilia.Morluniau@gastech.com.kronos,Ingrid.Barranco@gastech.com.kronos,1/6/2014 15:17,RE: Supplies,Ingrid Barranco,Executive,SVP/CFO,Cecilia Morluniau,Facilities,Truck Driver
Claudio.Hawelon@gastech.com.kronos,Isia.Vann@gastech.com.kronos,1/9/2014 11:51,Awwww- cute!,Isia Vann,Security,Perimeter Control,Claudio Hawelon,Facilities,Truck Driver
Claudio.Hawelon@gastech.com.kronos,Isia.Vann@gastech.com.kronos,1/9/2014 14:49,RE: Awwww- cute!,Isia Vann,Security,Perimeter Control,Claudio Hawelon,Facilities,Truck Driver
Claudio.Hawelon@gastech.com.kronos,Isia.Vann@gastech.com.kronos,1/9/2014 14:57,RE: Awwww- cute!,Isia Vann,Security,Perimeter Control,Claudio Hawelon,Facilities,Truck Driver
Claudio.Hawelon@gastech.com.kronos,Isia.Vann@gastech.com.kronos,1/13/2014 9:01,The rest of the files are in your mailbox,Isia Vann,Security,Perimeter Control,Claudio Hawelon,Facilities,Truck Driver
Claudio.Hawelon@gastech.com.kronos,Linnea.Bergen@gastech.com.kronos,1/15/2014 12:10,Favor - borrow hedge trimmer,Linnea Bergen,Information Technology,IT Group Manager,Claudio Hawelon,Facilities,Truck Driver
Claudio.Hawelon@gastech.com.kronos,Linnea.Bergen@gastech.com.kronos,1/15/2014 13:15,RE: Favor - borrow hedge trimmer,Linnea Bergen,Information Technology,IT Group Manager,Claudio Hawelon,Facilities,Truck Driver
Claudio.Hawelon@gastech.com.kronos,Rachel.Pantanal@gastech.com.kronos,1/6/2014 17:34,RE: Are you buying coffee?,Rachel Pantanal,Administration,Assistant to CIO,Claudio Hawelon,Facilities,Truck Driver
Cornelia.Lais@gastech.com.kronos,Hideki.Cocinaro@gastech.com.kronos,1/7/2014 12:37,No hurry,Hideki Cocinaro,Security,Site Control,Cornelia Lais,Administration,Assistant to Security Group Manager
Cornelia.Lais@gastech.com.kronos,Hideki.Cocinaro@gastech.com.kronos,1/7/2014 14:33,RE: No hurry,Hideki Cocinaro,Security,Site Control,Cornelia Lais,Administration,Assistant to Security Group Manager
Dante.Coginian@gastech.com.kronos,Felix.Resumir@gastech.com.kronos,1/9/2014 15:04,They need that report today,Felix Resumir,Security,Security Group Manager,Dante Coginian,Facilities,Lead Janitor
Dante.Coginian@gastech.com.kronos,Felix.Resumir@gastech.com.kronos,1/9/2014 17:02,RE: They need that report today,Felix Resumir,Security,Security Group Manager,Dante Coginian,Facilities,Lead Janitor
Dante.Coginian@gastech.com.kronos,Hideki.Cocinaro@gastech.com.kronos,1/9/2014 11:31,Tools,Hideki Cocinaro,Security,Site Control,Dante Coginian,Facilities,Lead Janitor
Dante.Coginian@gastech.com.kronos,Hideki.Cocinaro@gastech.com.kronos,1/9/2014 13:15,RE: Tools,Hideki Cocinaro,Security,Site Control,Dante Coginian,Facilities,Lead Janitor
Dante.Coginian@gastech.com.kronos,Hideki.Cocinaro@gastech.com.kronos,1/9/2014 14:27,RE: Tools,Hideki Cocinaro,Security,Site Control,Dante Coginian,Facilities,Lead Janitor
Dante.Coginian@gastech.com.kronos,Lucas.Alcazar@gastech.com.kronos,1/6/2014 15:58,RE: Congratulations on your service anniversary,Lucas Alcazar,Information Technology,IT Helpdesk,Dante Coginian,Facilities,Lead Janitor
Dante.Coginian@gastech.com.kronos,Mat.Bramar@gastech.com.kronos,1/7/2014 11:55,Document stuck,Mat Bramar,Administration,Assistant to CEO,Dante Coginian,Facilities,Lead Janitor
Edvard.Vann@gastech.com.kronos,Elsa.Orilla@gastech.com.kronos,1/7/2014 17:22,RE: Money for coffee fund,Elsa Orilla,Engineering,Drill Technician,Edvard Vann,Security,Perimeter Control
Edvard.Vann@gastech.com.kronos,Elsa.Orilla@gastech.com.kronos,1/7/2014 17:57,RE: Money for coffee fund,Elsa Orilla,Engineering,Drill Technician,Edvard Vann,Security,Perimeter Control
Edvard.Vann@gastech.com.kronos,Henk.Mies@gastech.com.kronos,1/17/2014 16:17,RE: Out of staples,Henk Mies,Facilities,Truck Driver,Edvard Vann,Security,Perimeter Control
Elsa.Orilla@gastech.com.kronos,Benito.Hawelon@gastech.com.kronos,1/8/2014 9:43,Who’s tracking the office pool,Benito Hawelon,Facilities,Truck Driver,Elsa Orilla,Engineering,Drill Technician
Elsa.Orilla@gastech.com.kronos,Benito.Hawelon@gastech.com.kronos,1/8/2014 13:06,RE: Who’s tracking the office pool,Benito Hawelon,Facilities,Truck Driver,Elsa Orilla,Engineering,Drill Technician
Elsa.Orilla@gastech.com.kronos,Benito.Hawelon@gastech.com.kronos,1/8/2014 13:10,RE: Who’s tracking the office pool,Benito Hawelon,Facilities,Truck Driver,Elsa Orilla,Engineering,Drill Technician
Elsa.Orilla@gastech.com.kronos,Edvard.Vann@gastech.com.kronos,1/7/2014 15:09,Money for coffee fund,Edvard Vann,Security,Perimeter Control,Elsa Orilla,Engineering,Drill Technician
Elsa.Orilla@gastech.com.kronos,Edvard.Vann@gastech.com.kronos,1/7/2014 17:34,RE: Money for coffee fund,Edvard Vann,Security,Perimeter Control,Elsa Orilla,Engineering,Drill Technician
Elsa.Orilla@gastech.com.kronos,Edvard.Vann@gastech.com.kronos,1/7/2014 18:59,RE: Money for coffee fund,Edvard Vann,Security,Perimeter Control,Elsa Orilla,Engineering,Drill Technician
Emile.Arpa@gastech.com.kronos,Lucas.Alcazar@gastech.com.kronos,1/10/2014 12:57,RE: Copier,Lucas Alcazar,Information Technology,IT Helpdesk,Emile Arpa,Facilities,Janitor
Emile.Arpa@gastech.com.kronos,Lucas.Alcazar@gastech.com.kronos,1/10/2014 14:22,RE: Copier,Lucas Alcazar,Information Technology,IT Helpdesk,Emile Arpa,Facilities,Janitor
Emile.Arpa@gastech.com.kronos,Marin.Onda@gastech.com.kronos,1/15/2014 11:17,Files,Marin Onda,Engineering,Drill Site Manager,Emile Arpa,Facilities,Janitor
Emile.Arpa@gastech.com.kronos,Marin.Onda@gastech.com.kronos,1/15/2014 14:04,RE: Files,Marin Onda,Engineering,Drill Site Manager,Emile Arpa,Facilities,Janitor
Felix.Balas@gastech.com.kronos,Carla.Forluniau@gastech.com.kronos,1/7/2014 12:34,RE: I’m in! -  post a list,Carla Forluniau,Administration,Assistant to IT Group Manager,Felix Balas,Engineering,Engineer
Felix.Balas@gastech.com.kronos,Carla.Forluniau@gastech.com.kronos,1/7/2014 13:21,RE: I’m in! -  post a list,Carla Forluniau,Administration,Assistant to IT Group Manager,Felix Balas,Engineering,Engineer
Felix.Balas@gastech.com.kronos,Hennie.Osvaldo@gastech.com.kronos,1/13/2014 13:25,Supplies,Hennie Osvaldo,Security,Perimeter Control,Felix Balas,Engineering,Engineer
Felix.Resumir@gastech.com.kronos,Ada.Campo-Corrente@gastech.com.kronos,1/7/2014 9:34,"Hey, I’m going home sick.",Ada Campo-Corrente,Executive,SVP/CIO,Felix Resumir,Security,Security Group Manager
Felix.Resumir@gastech.com.kronos,Ada.Campo-Corrente@gastech.com.kronos,1/7/2014 11:51,"RE: Hey, I’m going home sick.",Ada Campo-Corrente,Executive,SVP/CIO,Felix Resumir,Security,Security Group Manager
Felix.Resumir@gastech.com.kronos,Benito.Hawelon@gastech.com.kronos,1/17/2014 9:23,Are you buying coffee?,Benito Hawelon,Facilities,Truck Driver,Felix Resumir,Security,Security Group Manager
Felix.Resumir@gastech.com.kronos,Benito.Hawelon@gastech.com.kronos,1/17/2014 10:56,RE: Are you buying coffee?,Benito Hawelon,Facilities,Truck Driver,Felix Resumir,Security,Security Group Manager
Felix.Resumir@gastech.com.kronos,Benito.Hawelon@gastech.com.kronos,1/17/2014 11:35,RE: Are you buying coffee?,Benito Hawelon,Facilities,Truck Driver,Felix Resumir,Security,Security Group Manager
Felix.Resumir@gastech.com.kronos,Dante.Coginian@gastech.com.kronos,1/9/2014 16:25,RE: They need that report today,Dante Coginian,Facilities,Lead Janitor,Felix Resumir,Security,Security Group Manager
Gustav.Cazar@gastech.com.kronos,Anda.Ribera@gastech.com.kronos,1/7/2014 14:35,Need a ride to lunch later,Anda Ribera,Administration,Assistant to CFO,Gustav Cazar,Engineering,Hydraulic Technician
Gustav.Cazar@gastech.com.kronos,Anda.Ribera@gastech.com.kronos,1/7/2014 16:52,RE: Need a ride to lunch later,Anda Ribera,Administration,Assistant to CFO,Gustav Cazar,Engineering,Hydraulic Technician
Gustav.Cazar@gastech.com.kronos,Orhan.Strum@gastech.com.kronos,1/16/2014 9:27,Plants,Orhan Strum,Executive,SVP/COO,Gustav Cazar,Engineering,Hydraulic Technician
Gustav.Cazar@gastech.com.kronos,Orhan.Strum@gastech.com.kronos,1/16/2014 12:13,RE: Plants,Orhan Strum,Executive,SVP/COO,Gustav Cazar,Engineering,Hydraulic Technician
Gustav.Cazar@gastech.com.kronos,Orhan.Strum@gastech.com.kronos,1/16/2014 12:36,RE: Plants,Orhan Strum,Executive,SVP/COO,Gustav Cazar,Engineering,Hydraulic Technician
Henk.Mies@gastech.com.kronos,Anda.Ribera@gastech.com.kronos,1/13/2014 16:31,RE: Tools,Anda Ribera,Administration,Assistant to CFO,Henk Mies,Facilities,Truck Driver
Henk.Mies@gastech.com.kronos,Anda.Ribera@gastech.com.kronos,1/13/2014 17:01,RE: Tools,Anda Ribera,Administration,Assistant to CFO,Henk Mies,Facilities,Truck Driver
Henk.Mies@gastech.com.kronos,Edvard.Vann@gastech.com.kronos,1/17/2014 15:03,Out of staples,Edvard Vann,Security,Perimeter Control,Henk Mies,Facilities,Truck Driver
Henk.Mies@gastech.com.kronos,Inga.Ferro@gastech.com.kronos,1/10/2014 15:23,RE: Late for meeting,Inga Ferro,Security,Site Control,Henk Mies,Facilities,Truck Driver
Henk.Mies@gastech.com.kronos,Inga.Ferro@gastech.com.kronos,1/10/2014 16:16,RE: Late for meeting,Inga Ferro,Security,Site Control,Henk Mies,Facilities,Truck Driver
Henk.Mies@gastech.com.kronos,Inga.Ferro@gastech.com.kronos,1/10/2014 16:44,RE: Late for meeting,Inga Ferro,Security,Site Control,Henk Mies,Facilities,Truck Driver
Henk.Mies@gastech.com.kronos,Sten.Sanjorge Jr.@gastech.com.kronos,1/17/2014 13:03,RE: Files,Sten Sanjorge Jr.,Executive,President/CEO,Henk Mies,Facilities,Truck Driver
Henk.Mies@gastech.com.kronos,Sten.Sanjorge Jr.@gastech.com.kronos,1/17/2014 14:39,RE: Files,Sten Sanjorge Jr.,Executive,President/CEO,Henk Mies,Facilities,Truck Driver
Hennie.Osvaldo@gastech.com.kronos,Felix.Balas@gastech.com.kronos,1/13/2014 16:23,RE: Supplies,Felix Balas,Engineering,Engineer,Hennie Osvaldo,Security,Perimeter Control
Hennie.Osvaldo@gastech.com.kronos,Linnea.Bergen@gastech.com.kronos,1/14/2014 14:33,Action: Virus detected on your system,Linnea Bergen,Information Technology,IT Group Manager,Hennie Osvaldo,Security,Perimeter Control
Hennie.Osvaldo@gastech.com.kronos,Linnea.Bergen@gastech.com.kronos,1/14/2014 14:33,Action: Virus detected on your system,Linnea Bergen,Information Technology,IT Group Manager,Hennie Osvaldo,Security,Perimeter Control
Hennie.Osvaldo@gastech.com.kronos,Linnea.Bergen@gastech.com.kronos,1/14/2014 14:33,Action: Virus detected on your system,Linnea Bergen,Information Technology,IT Group Manager,Hennie Osvaldo,Security,Perimeter Control
Hennie.Osvaldo@gastech.com.kronos,Rachel.Pantanal@gastech.com.kronos,1/9/2014 13:38,Files,Rachel Pantanal,Administration,Assistant to CIO,Hennie Osvaldo,Security,Perimeter Control
Hennie.Osvaldo@gastech.com.kronos,Rachel.Pantanal@gastech.com.kronos,1/9/2014 14:29,RE: Files,Rachel Pantanal,Administration,Assistant to CIO,Hennie Osvaldo,Security,Perimeter Control
Hennie.Osvaldo@gastech.com.kronos,Ruscella.Mies.Haber@gastech.com.kronos,1/13/2014 16:48,FW: ARISE - Inspiration for Defenders of Kronos,Ruscella Mies Haber,Administration,Assistant to Engineering Group Manager,Hennie Osvaldo,Security,Perimeter Control
Hennie.Osvaldo@gastech.com.kronos,Ruscella.Mies.Haber@gastech.com.kronos,1/14/2014 16:57,RE: Action: Virus detected on your system,Ruscella Mies Haber,Administration,Assistant to Engineering Group Manager,Hennie Osvaldo,Security,Perimeter Control
Hideki.Cocinaro@gastech.com.kronos,Cornelia.Lais@gastech.com.kronos,1/7/2014 14:22,RE: No hurry,Cornelia Lais,Administration,Assistant to Security Group Manager,Hideki Cocinaro,Security,Site Control
Hideki.Cocinaro@gastech.com.kronos,Cornelia.Lais@gastech.com.kronos,1/7/2014 14:46,RE: No hurry,Cornelia Lais,Administration,Assistant to Security Group Manager,Hideki Cocinaro,Security,Site Control
Hideki.Cocinaro@gastech.com.kronos,Dante.Coginian@gastech.com.kronos,1/9/2014 12:58,RE: Tools,Dante Coginian,Facilities,Lead Janitor,Hideki Cocinaro,Security,Site Control
Hideki.Cocinaro@gastech.com.kronos,Dante.Coginian@gastech.com.kronos,1/9/2014 14:17,RE: Tools,Dante Coginian,Facilities,Lead Janitor,Hideki Cocinaro,Security,Site Control
Hideki.Cocinaro@gastech.com.kronos,Isande.Borrasca@gastech.com.kronos,1/15/2014 10:19,On my way,Isande Borrasca,Engineering,Drill Technician,Hideki Cocinaro,Security,Site Control
Inga.Ferro@gastech.com.kronos,Henk.Mies@gastech.com.kronos,1/10/2014 13:13,Late for meeting,Henk Mies,Facilities,Truck Driver,Inga Ferro,Security,Site Control
Inga.Ferro@gastech.com.kronos,Henk.Mies@gastech.com.kronos,1/10/2014 15:42,RE: Late for meeting,Henk Mies,Facilities,Truck Driver,Inga Ferro,Security,Site Control
Inga.Ferro@gastech.com.kronos,Henk.Mies@gastech.com.kronos,1/10/2014 16:41,RE: Late for meeting,Henk Mies,Facilities,Truck Driver,Inga Ferro,Security,Site Control
Inga.Ferro@gastech.com.kronos,Kare.Orilla@gastech.com.kronos,1/17/2014 8:33,Favor - water plants please next month,Kare Orilla,Engineering,Drill Technician,Inga Ferro,Security,Site Control
Inga.Ferro@gastech.com.kronos,Linnea.Bergen@gastech.com.kronos,1/14/2014 14:33,Action: Virus detected on your system,Linnea Bergen,Information Technology,IT Group Manager,Inga Ferro,Security,Site Control
Inga.Ferro@gastech.com.kronos,Linnea.Bergen@gastech.com.kronos,1/14/2014 14:33,Action: Virus detected on your system,Linnea Bergen,Information Technology,IT Group Manager,Inga Ferro,Security,Site Control
Inga.Ferro@gastech.com.kronos,Linnea.Bergen@gastech.com.kronos,1/14/2014 14:33,Action: Virus detected on your system,Linnea Bergen,Information Technology,IT Group Manager,Inga Ferro,Security,Site Control
Inga.Ferro@gastech.com.kronos,Ruscella.Mies.Haber@gastech.com.kronos,1/13/2014 16:48,FW: ARISE - Inspiration for Defenders of Kronos,Ruscella Mies Haber,Administration,Assistant to Engineering Group Manager,Inga Ferro,Security,Site Control
Inga.Ferro@gastech.com.kronos,Ruscella.Mies.Haber@gastech.com.kronos,1/14/2014 16:57,RE: Action: Virus detected on your system,Ruscella Mies Haber,Administration,Assistant to Engineering Group Manager,Inga Ferro,Security,Site Control
Inga.Ferro@gastech.com.kronos,Willem.Vasco-Pais@gastech.com.kronos,1/7/2014 11:53,RE: Late for meeting,Willem Vasco-Pais,Executive,Environmental Safety Advisor,Inga Ferro,Security,Site Control
Inga.Ferro@gastech.com.kronos,Willem.Vasco-Pais@gastech.com.kronos,1/7/2014 12:07,RE: Late for meeting,Willem Vasco-Pais,Executive,Environmental Safety Advisor,Inga Ferro,Security,Site Control
Ingrid.Barranco@gastech.com.kronos,Cecilia.Morluniau@gastech.com.kronos,1/6/2014 13:54,Supplies,Cecilia Morluniau,Facilities,Truck Driver,Ingrid Barranco,Executive,SVP/CFO
Ingrid.Barranco@gastech.com.kronos,Cecilia.Morluniau@gastech.com.kronos,1/6/2014 15:27,RE: Supplies,Cecilia Morluniau,Facilities,Truck Driver,Ingrid Barranco,Executive,SVP/CFO
Ingrid.Barranco@gastech.com.kronos,Kare.Orilla@gastech.com.kronos,1/13/2014 11:26,"RE: Works for me, thanks",Kare Orilla,Engineering,Drill Technician,Ingrid Barranco,Executive,SVP/CFO
Ingrid.Barranco@gastech.com.kronos,Loreto.Bodrogi@gastech.com.kronos,1/6/2014 11:04,Plants,Loreto Bodrogi,Security,Site Control,Ingrid Barranco,Executive,SVP/CFO
Ingrid.Barranco@gastech.com.kronos,Loreto.Bodrogi@gastech.com.kronos,1/6/2014 12:48,RE: Plants,Loreto Bodrogi,Security,Site Control,Ingrid Barranco,Executive,SVP/CFO
Ingrid.Barranco@gastech.com.kronos,Loreto.Bodrogi@gastech.com.kronos,1/6/2014 13:26,RE: Plants,Loreto Bodrogi,Security,Site Control,Ingrid Barranco,Executive,SVP/CFO
Irene.Nant@gastech.com.kronos,Carla.Forluniau@gastech.com.kronos,1/7/2014 10:34,"Works for me, thanks",Carla Forluniau,Administration,Assistant to IT Group Manager,Irene Nant,Facilities,Truck Driver
Irene.Nant@gastech.com.kronos,Kanon.Herrero@gastech.com.kronos,1/8/2014 8:25,No hurry,Kanon Herrero,Security,Badging Office,Irene Nant,Facilities,Truck Driver
Irene.Nant@gastech.com.kronos,Orhan.Strum@gastech.com.kronos,1/15/2014 9:52,Ha ha,Orhan Strum,Executive,SVP/COO,Irene Nant,Facilities,Truck Driver
Irene.Nant@gastech.com.kronos,Orhan.Strum@gastech.com.kronos,1/15/2014 10:54,RE: Ha ha,Orhan Strum,Executive,SVP/COO,Irene Nant,Facilities,Truck Driver
Isak.Baza@gastech.com.kronos,Birgitta.Frente@gastech.com.kronos,1/15/2014 13:45,Are you buying coffee?,Birgitta Frente,Engineering,Geologist,Isak Baza,Information Technology,IT Technician
Isak.Baza@gastech.com.kronos,Birgitta.Frente@gastech.com.kronos,1/15/2014 15:18,RE: Are you buying coffee?,Birgitta Frente,Engineering,Geologist,Isak Baza,Information Technology,IT Technician
Isak.Baza@gastech.com.kronos,Birgitta.Frente@gastech.com.kronos,1/15/2014 16:18,RE: Are you buying coffee?,Birgitta Frente,Engineering,Geologist,Isak Baza,Information Technology,IT Technician
Isande.Borrasca@gastech.com.kronos,Hideki.Cocinaro@gastech.com.kronos,1/15/2014 12:41,RE: On my way,Hideki Cocinaro,Security,Site Control,Isande Borrasca,Engineering,Drill Technician
Isia.Vann@gastech.com.kronos,Claudio.Hawelon@gastech.com.kronos,1/9/2014 14:36,RE: Awwww- cute!,Claudio Hawelon,Facilities,Truck Driver,Isia Vann,Security,Perimeter Control
Isia.Vann@gastech.com.kronos,Claudio.Hawelon@gastech.com.kronos,1/9/2014 14:50,RE: Awwww- cute!,Claudio Hawelon,Facilities,Truck Driver,Isia Vann,Security,Perimeter Control
Isia.Vann@gastech.com.kronos,Linnea.Bergen@gastech.com.kronos,1/14/2014 14:33,Action: Virus detected on your system,Linnea Bergen,Information Technology,IT Group Manager,Isia Vann,Security,Perimeter Control
Isia.Vann@gastech.com.kronos,Linnea.Bergen@gastech.com.kronos,1/14/2014 14:33,Action: Virus detected on your system,Linnea Bergen,Information Technology,IT Group Manager,Isia Vann,Security,Perimeter Control
Isia.Vann@gastech.com.kronos,Linnea.Bergen@gastech.com.kronos,1/14/2014 14:33,Action: Virus detected on your system,Linnea Bergen,Information Technology,IT Group Manager,Isia Vann,Security,Perimeter Control
Isia.Vann@gastech.com.kronos,Rachel.Pantanal@gastech.com.kronos,1/7/2014 11:15,RE: Karoake night - :),Rachel Pantanal,Administration,Assistant to CIO,Isia Vann,Security,Perimeter Control
Isia.Vann@gastech.com.kronos,Rachel.Pantanal@gastech.com.kronos,1/7/2014 11:22,RE: This weekend?,Rachel Pantanal,Administration,Assistant to CIO,Isia Vann,Security,Perimeter Control
Isia.Vann@gastech.com.kronos,Rachel.Pantanal@gastech.com.kronos,1/10/2014 16:55,RE: New gyro place opened nearby - YUM,Rachel Pantanal,Administration,Assistant to CIO,Isia Vann,Security,Perimeter Control
Isia.Vann@gastech.com.kronos,Rachel.Pantanal@gastech.com.kronos,1/14/2014 9:50,RE: Did you like the flowers? - yes!,Rachel Pantanal,Administration,Assistant to CIO,Isia Vann,Security,Perimeter Control
Isia.Vann@gastech.com.kronos,Rachel.Pantanal@gastech.com.kronos,1/15/2014 16:33,RE: This weekend?,Rachel Pantanal,Administration,Assistant to CIO,Isia Vann,Security,Perimeter Control
Isia.Vann@gastech.com.kronos,Ruscella.Mies.Haber@gastech.com.kronos,1/13/2014 16:48,FW: ARISE - Inspiration for Defenders of Kronos,Ruscella Mies Haber,Administration,Assistant to Engineering Group Manager,Isia Vann,Security,Perimeter Control
Isia.Vann@gastech.com.kronos,Ruscella.Mies.Haber@gastech.com.kronos,1/14/2014 16:57,RE: Action: Virus detected on your system,Ruscella Mies Haber,Administration,Assistant to Engineering Group Manager,Isia Vann,Security,Perimeter Control
Kanon.Herrero@gastech.com.kronos,Nils.Calixto@gastech.com.kronos,1/6/2014 16:39,RE: Late for meeting,Nils Calixto,Information Technology,IT Technician,Kanon Herrero,Security,Badging Office
Kanon.Herrero@gastech.com.kronos,Nils.Calixto@gastech.com.kronos,1/6/2014 17:07,RE: Late for meeting,Nils Calixto,Information Technology,IT Technician,Kanon Herrero,Security,Badging Office
Kare.Orilla@gastech.com.kronos,Ingrid.Barranco@gastech.com.kronos,1/13/2014 10:59,"Works for me, thanks",Ingrid Barranco,Executive,SVP/CFO,Kare Orilla,Engineering,Drill Technician
Kare.Orilla@gastech.com.kronos,Ingrid.Barranco@gastech.com.kronos,1/13/2014 12:51,"RE: Works for me, thanks",Ingrid Barranco,Executive,SVP/CFO,Kare Orilla,Engineering,Drill Technician
Lars.Azada@gastech.com.kronos,Anda.Ribera@gastech.com.kronos,1/14/2014 13:35,RE: Who’s tracking the office pool,Anda Ribera,Administration,Assistant to CFO,Lars Azada,Engineering,Engineer
Lars.Azada@gastech.com.kronos,Anda.Ribera@gastech.com.kronos,1/14/2014 14:22,RE: Who’s tracking the office pool,Anda Ribera,Administration,Assistant to CFO,Lars Azada,Engineering,Engineer
Linda.Lagos@gastech.com.kronos,Vira.Frente@gastech.com.kronos,1/17/2014 14:39,Awwww- cute!,Vira Frente,Engineering,Hydraulic Technician,Linda Lagos,Administration,Assistant to COO
Linnea.Bergen@gastech.com.kronos,Claudio.Hawelon@gastech.com.kronos,1/15/2014 12:31,RE: Favor - borrow hedge trimmer,Claudio Hawelon,Facilities,Truck Driver,Linnea Bergen,Information Technology,IT Group Manager
Loreto.Bodrogi@gastech.com.kronos,Ingrid.Barranco@gastech.com.kronos,1/6/2014 12:15,RE: Plants,Ingrid Barranco,Executive,SVP/CFO,Loreto Bodrogi,Security,Site Control
Loreto.Bodrogi@gastech.com.kronos,Ingrid.Barranco@gastech.com.kronos,1/6/2014 13:21,RE: Plants,Ingrid Barranco,Executive,SVP/CFO,Loreto Bodrogi,Security,Site Control
Loreto.Bodrogi@gastech.com.kronos,Linnea.Bergen@gastech.com.kronos,1/14/2014 14:33,Action: Virus detected on your system,Linnea Bergen,Information Technology,IT Group Manager,Loreto Bodrogi,Security,Site Control
Loreto.Bodrogi@gastech.com.kronos,Linnea.Bergen@gastech.com.kronos,1/14/2014 14:33,Action: Virus detected on your system,Linnea Bergen,Information Technology,IT Group Manager,Loreto Bodrogi,Security,Site Control
Loreto.Bodrogi@gastech.com.kronos,Linnea.Bergen@gastech.com.kronos,1/14/2014 14:33,Action: Virus detected on your system,Linnea Bergen,Information Technology,IT Group Manager,Loreto Bodrogi,Security,Site Control
Loreto.Bodrogi@gastech.com.kronos,Ruscella.Mies.Haber@gastech.com.kronos,1/13/2014 16:48,FW: ARISE - Inspiration for Defenders of Kronos,Ruscella Mies Haber,Administration,Assistant to Engineering Group Manager,Loreto Bodrogi,Security,Site Control
Loreto.Bodrogi@gastech.com.kronos,Ruscella.Mies.Haber@gastech.com.kronos,1/14/2014 16:57,RE: Action: Virus detected on your system,Ruscella Mies Haber,Administration,Assistant to Engineering Group Manager,Loreto Bodrogi,Security,Site Control
Lucas.Alcazar@gastech.com.kronos,Dante.Coginian@gastech.com.kronos,1/6/2014 14:05,Congratulations on your service anniversary,Dante Coginian,Facilities,Lead Janitor,Lucas Alcazar,Information Technology,IT Helpdesk
Lucas.Alcazar@gastech.com.kronos,Dante.Coginian@gastech.com.kronos,1/6/2014 16:55,RE: Congratulations on your service anniversary,Dante Coginian,Facilities,Lead Janitor,Lucas Alcazar,Information Technology,IT Helpdesk
Lucas.Alcazar@gastech.com.kronos,Emile.Arpa@gastech.com.kronos,1/10/2014 11:03,Copier,Emile Arpa,Facilities,Janitor,Lucas Alcazar,Information Technology,IT Helpdesk
Lucas.Alcazar@gastech.com.kronos,Emile.Arpa@gastech.com.kronos,1/10/2014 13:53,RE: Copier,Emile Arpa,Facilities,Janitor,Lucas Alcazar,Information Technology,IT Helpdesk
Marin.Onda@gastech.com.kronos,Emile.Arpa@gastech.com.kronos,1/15/2014 13:45,RE: Files,Emile Arpa,Facilities,Janitor,Marin Onda,Engineering,Drill Site Manager
Marin.Onda@gastech.com.kronos,Emile.Arpa@gastech.com.kronos,1/15/2014 14:19,RE: Files,Emile Arpa,Facilities,Janitor,Marin Onda,Engineering,Drill Site Manager
Mat.Bramar@gastech.com.kronos,Dante.Coginian@gastech.com.kronos,1/7/2014 14:50,RE: Document stuck,Dante Coginian,Facilities,Lead Janitor,Mat Bramar,Administration,Assistant to CEO
Mat.Bramar@gastech.com.kronos,Varro.Awelon@gastech.com.kronos,1/10/2014 13:34,RE: Need a ride to lunch later,Varro Awelon,Facilities,Janitor,Mat Bramar,Administration,Assistant to CEO
Mat.Bramar@gastech.com.kronos,Varro.Awelon@gastech.com.kronos,1/10/2014 14:26,RE: Need a ride to lunch later,Varro Awelon,Facilities,Janitor,Mat Bramar,Administration,Assistant to CEO
Mat.Bramar@gastech.com.kronos,Varro.Awelon@gastech.com.kronos,1/10/2014 14:57,RE: Need a ride to lunch later,Varro Awelon,Facilities,Janitor,Mat Bramar,Administration,Assistant to CEO
Minke.Mies@gastech.com.kronos,Linnea.Bergen@gastech.com.kronos,1/14/2014 14:33,Action: Virus detected on your system,Linnea Bergen,Information Technology,IT Group Manager,Minke Mies,Security,Perimeter Control
Minke.Mies@gastech.com.kronos,Linnea.Bergen@gastech.com.kronos,1/14/2014 14:33,Action: Virus detected on your system,Linnea Bergen,Information Technology,IT Group Manager,Minke Mies,Security,Perimeter Control
Minke.Mies@gastech.com.kronos,Linnea.Bergen@gastech.com.kronos,1/14/2014 14:33,Action: Virus detected on your system,Linnea Bergen,Information Technology,IT Group Manager,Minke Mies,Security,Perimeter Control
Minke.Mies@gastech.com.kronos,Nils.Calixto@gastech.com.kronos,1/10/2014 10:44,No problem,Nils Calixto,Information Technology,IT Technician,Minke Mies,Security,Perimeter Control
Minke.Mies@gastech.com.kronos,Nils.Calixto@gastech.com.kronos,1/13/2014 12:40,RE: Concert,Nils Calixto,Information Technology,IT Technician,Minke Mies,Security,Perimeter Control
Minke.Mies@gastech.com.kronos,Ruscella.Mies.Haber@gastech.com.kronos,1/13/2014 16:48,FW: ARISE - Inspiration for Defenders of Kronos,Ruscella Mies Haber,Administration,Assistant to Engineering Group Manager,Minke Mies,Security,Perimeter Control
Minke.Mies@gastech.com.kronos,Ruscella.Mies.Haber@gastech.com.kronos,1/14/2014 16:57,RE: Action: Virus detected on your system,Ruscella Mies Haber,Administration,Assistant to Engineering Group Manager,Minke Mies,Security,Perimeter Control
Minke.Mies@gastech.com.kronos,Vira.Frente@gastech.com.kronos,1/17/2014 12:11,RE: The rest of the files are in your mailbox,Vira Frente,Engineering,Hydraulic Technician,Minke Mies,Security,Perimeter Control
Minke.Mies@gastech.com.kronos,Vira.Frente@gastech.com.kronos,1/17/2014 13:02,RE: The rest of the files are in your mailbox,Vira Frente,Engineering,Hydraulic Technician,Minke Mies,Security,Perimeter Control
Minke.Mies@gastech.com.kronos,Vira.Frente@gastech.com.kronos,1/17/2014 13:21,RE: The rest of the files are in your mailbox,Vira Frente,Engineering,Hydraulic Technician,Minke Mies,Security,Perimeter Control
Nils.Calixto@gastech.com.kronos,Axel.Calzas@gastech.com.kronos,1/15/2014 12:51,Going home sick,Axel Calzas,Engineering,Drill Technician,Nils Calixto,Information Technology,IT Technician
Nils.Calixto@gastech.com.kronos,Axel.Calzas@gastech.com.kronos,1/15/2014 14:49,RE: Going home sick,Axel Calzas,Engineering,Drill Technician,Nils Calixto,Information Technology,IT Technician
Nils.Calixto@gastech.com.kronos,Axel.Calzas@gastech.com.kronos,1/15/2014 15:33,RE: Going home sick,Axel Calzas,Engineering,Drill Technician,Nils Calixto,Information Technology,IT Technician
Nils.Calixto@gastech.com.kronos,Kanon.Herrero@gastech.com.kronos,1/6/2014 15:05,Late for meeting,Kanon Herrero,Security,Badging Office,Nils Calixto,Information Technology,IT Technician
Nils.Calixto@gastech.com.kronos,Kanon.Herrero@gastech.com.kronos,1/6/2014 16:53,RE: Late for meeting,Kanon Herrero,Security,Badging Office,Nils Calixto,Information Technology,IT Technician
Nils.Calixto@gastech.com.kronos,Kanon.Herrero@gastech.com.kronos,1/6/2014 17:10,RE: Late for meeting,Kanon Herrero,Security,Badging Office,Nils Calixto,Information Technology,IT Technician
Nils.Calixto@gastech.com.kronos,Minke.Mies@gastech.com.kronos,1/13/2014 10:58,Concert,Minke Mies,Security,Perimeter Control,Nils Calixto,Information Technology,IT Technician
Nils.Calixto@gastech.com.kronos,Minke.Mies@gastech.com.kronos,1/13/2014 13:43,RE: Concert,Minke Mies,Security,Perimeter Control,Nils Calixto,Information Technology,IT Technician
Orhan.Strum@gastech.com.kronos,Gustav.Cazar@gastech.com.kronos,1/16/2014 11:51,RE: Plants,Gustav Cazar,Engineering,Hydraulic Technician,Orhan Strum,Executive,SVP/COO
Orhan.Strum@gastech.com.kronos,Gustav.Cazar@gastech.com.kronos,1/16/2014 12:17,RE: Plants,Gustav Cazar,Engineering,Hydraulic Technician,Orhan Strum,Executive,SVP/COO
Orhan.Strum@gastech.com.kronos,Gustav.Cazar@gastech.com.kronos,1/16/2014 12:51,RE: Plants,Gustav Cazar,Engineering,Hydraulic Technician,Orhan Strum,Executive,SVP/COO
Orhan.Strum@gastech.com.kronos,Irene.Nant@gastech.com.kronos,1/15/2014 10:38,RE: Ha ha,Irene Nant,Facilities,Truck Driver,Orhan Strum,Executive,SVP/COO
Orhan.Strum@gastech.com.kronos,Irene.Nant@gastech.com.kronos,1/15/2014 11:27,RE: Ha ha,Irene Nant,Facilities,Truck Driver,Orhan Strum,Executive,SVP/COO
Orhan.Strum@gastech.com.kronos,Stenig.Fusil@gastech.com.kronos,1/6/2014 12:28,RE: Service anniversary,Stenig Fusil,Security,Building Control,Orhan Strum,Executive,SVP/COO
Rachel.Pantanal@gastech.com.kronos,Albina.Hafon@gastech.com.kronos,1/10/2014 14:59,Service anniversary,Albina Hafon,Facilities,Truck Driver,Rachel Pantanal,Administration,Assistant to CIO
Rachel.Pantanal@gastech.com.kronos,Albina.Hafon@gastech.com.kronos,1/10/2014 16:16,RE: Service anniversary,Albina Hafon,Facilities,Truck Driver,Rachel Pantanal,Administration,Assistant to CIO
Rachel.Pantanal@gastech.com.kronos,Claudio.Hawelon@gastech.com.kronos,1/6/2014 15:14,Are you buying coffee?,Claudio Hawelon,Facilities,Truck Driver,Rachel Pantanal,Administration,Assistant to CIO
Rachel.Pantanal@gastech.com.kronos,Hennie.Osvaldo@gastech.com.kronos,1/9/2014 14:05,RE: Files,Hennie Osvaldo,Security,Perimeter Control,Rachel Pantanal,Administration,Assistant to CIO
Rachel.Pantanal@gastech.com.kronos,Hennie.Osvaldo@gastech.com.kronos,1/9/2014 15:10,RE: Files,Hennie Osvaldo,Security,Perimeter Control,Rachel Pantanal,Administration,Assistant to CIO
Rachel.Pantanal@gastech.com.kronos,Isia.Vann@gastech.com.kronos,1/7/2014 10:06,This weekend?,Isia Vann,Security,Perimeter Control,Rachel Pantanal,Administration,Assistant to CIO
Rachel.Pantanal@gastech.com.kronos,Isia.Vann@gastech.com.kronos,1/7/2014 10:48,Karoake night,Isia Vann,Security,Perimeter Control,Rachel Pantanal,Administration,Assistant to CIO
Rachel.Pantanal@gastech.com.kronos,Isia.Vann@gastech.com.kronos,1/7/2014 11:58,RE: Karoake night - :),Isia Vann,Security,Perimeter Control,Rachel Pantanal,Administration,Assistant to CIO
Rachel.Pantanal@gastech.com.kronos,Isia.Vann@gastech.com.kronos,1/10/2014 14:32,New gyro place opened nearby,Isia Vann,Security,Perimeter Control,Rachel Pantanal,Administration,Assistant to CIO
Rachel.Pantanal@gastech.com.kronos,Isia.Vann@gastech.com.kronos,1/13/2014 9:24,Did you like the flowers?,Isia Vann,Security,Perimeter Control,Rachel Pantanal,Administration,Assistant to CIO
Rachel.Pantanal@gastech.com.kronos,Isia.Vann@gastech.com.kronos,1/14/2014 9:31,Did you like the flowers?,Isia Vann,Security,Perimeter Control,Rachel Pantanal,Administration,Assistant to CIO
Rachel.Pantanal@gastech.com.kronos,Isia.Vann@gastech.com.kronos,1/15/2014 14:33,This weekend?,Isia Vann,Security,Perimeter Control,Rachel Pantanal,Administration,Assistant to CIO
Rachel.Pantanal@gastech.com.kronos,Isia.Vann@gastech.com.kronos,1/15/2014 16:56,RE: This weekend?,Isia Vann,Security,Perimeter Control,Rachel Pantanal,Administration,Assistant to CIO
Rachel.Pantanal@gastech.com.kronos,Linnea.Bergen@gastech.com.kronos,1/13/2014 12:32,Action: Virus detected on your system,Linnea Bergen,Information Technology,IT Group Manager,Rachel Pantanal,Administration,Assistant to CIO
Rachel.Pantanal@gastech.com.kronos,Linnea.Bergen@gastech.com.kronos,1/13/2014 12:32,Action: Virus detected on your system,Linnea Bergen,Information Technology,IT Group Manager,Rachel Pantanal,Administration,Assistant to CIO
Ruscella.Mies.Haber@gastech.com.kronos,Ada.Campo-Corrente@gastech.com.kronos,1/15/2014 15:41,Deadline changed?,Ada Campo-Corrente,Executive,SVP/CIO,Ruscella Mies Haber,Administration,Assistant to Engineering Group Manager
Ruscella.Mies.Haber@gastech.com.kronos,Adra.Nubarron@gastech.com.kronos,1/13/2014 12:59,RE: Plants,Adra Nubarron,Engineering,Geologist,Ruscella Mies Haber,Administration,Assistant to Engineering Group Manager
Ruscella.Mies.Haber@gastech.com.kronos,Adra.Nubarron@gastech.com.kronos,1/13/2014 13:22,RE: Plants,Adra Nubarron,Engineering,Geologist,Ruscella Mies Haber,Administration,Assistant to Engineering Group Manager
Ruscella.Mies.Haber@gastech.com.kronos,Hennie.Osvaldo@gastech.com.kronos,1/14/2014 17:09,RE: Action: Virus detected on your system,Hennie Osvaldo,Security,Perimeter Control,Ruscella Mies Haber,Administration,Assistant to Engineering Group Manager
Ruscella.Mies.Haber@gastech.com.kronos,Hennie.Osvaldo@gastech.com.kronos,1/14/2014 18:45,RE: Action: Virus detected on your system,Hennie Osvaldo,Security,Perimeter Control,Ruscella Mies Haber,Administration,Assistant to Engineering Group Manager
Ruscella.Mies.Haber@gastech.com.kronos,Inga.Ferro@gastech.com.kronos,1/14/2014 17:58,RE: Action: Virus detected on your system,Inga Ferro,Security,Site Control,Ruscella Mies Haber,Administration,Assistant to Engineering Group Manager
Ruscella.Mies.Haber@gastech.com.kronos,Inga.Ferro@gastech.com.kronos,1/14/2014 19:33,RE: Action: Virus detected on your system,Inga Ferro,Security,Site Control,Ruscella Mies Haber,Administration,Assistant to Engineering Group Manager
Ruscella.Mies.Haber@gastech.com.kronos,Linnea.Bergen@gastech.com.kronos,1/13/2014,Action: Virus detected on your system,Linnea Bergen,Information Technology,IT Group Manager,Ruscella Mies Haber,Administration,Assistant to Engineering Group Manager
Ruscella.Mies.Haber@gastech.com.kronos,Linnea.Bergen@gastech.com.kronos,1/13/2014 14:50,Action: Virus detected on your system,Linnea Bergen,Information Technology,IT Group Manager,Ruscella Mies Haber,Administration,Assistant to Engineering Group Manager
Ruscella.Mies.Haber@gastech.com.kronos,Linnea.Bergen@gastech.com.kronos,1/14/2014 14:33,Action: Virus detected on your system,Linnea Bergen,Information Technology,IT Group Manager,Ruscella Mies Haber,Administration,Assistant to Engineering Group Manager
Ruscella.Mies.Haber@gastech.com.kronos,Linnea.Bergen@gastech.com.kronos,1/14/2014 14:33,Action: Virus detected on your system,Linnea Bergen,Information Technology,IT Group Manager,Ruscella Mies Haber,Administration,Assistant to Engineering Group Manager
Ruscella.Mies.Haber@gastech.com.kronos,Linnea.Bergen@gastech.com.kronos,1/14/2014 14:33,Action: Virus detected on your system,Linnea Bergen,Information Technology,IT Group Manager,Ruscella Mies Haber,Administration,Assistant to Engineering Group Manager
Ruscella.Mies.Haber@gastech.com.kronos,Loreto.Bodrogi@gastech.com.kronos,1/14/2014 17:15,RE: Action: Virus detected on your system,Loreto Bodrogi,Security,Site Control,Ruscella Mies Haber,Administration,Assistant to Engineering Group Manager
Ruscella.Mies.Haber@gastech.com.kronos,Minke.Mies@gastech.com.kronos,1/14/2014 19:25,RE: Action: Virus detected on your system,Minke Mies,Security,Perimeter Control,Ruscella Mies Haber,Administration,Assistant to Engineering Group Manager
Sten.Sanjorge Jr.@gastech.com.kronos,Henk.Mies@gastech.com.kronos,1/17/2014 12:07,Files,Henk Mies,Facilities,Truck Driver,Sten Sanjorge Jr.,Executive,President/CEO
Sten.Sanjorge Jr.@gastech.com.kronos,Henk.Mies@gastech.com.kronos,1/17/2014 13:33,RE: Files,Henk Mies,Facilities,Truck Driver,Sten Sanjorge Jr.,Executive,President/CEO
Stenig.Fusil@gastech.com.kronos,Orhan.Strum@gastech.com.kronos,1/6/2014 12:28,RE: Service anniversary,Orhan Strum,Executive,SVP/COO,Stenig Fusil,Security,Building Control
Stenig.Fusil@gastech.com.kronos,Valeria.Morlun@gastech.com.kronos,1/15/2014 11:07,Favor - borrow hedge trimmer,Valeria Morlun,Facilities,Truck Driver,Stenig Fusil,Security,Building Control
Stenig.Fusil@gastech.com.kronos,Vira.Frente@gastech.com.kronos,1/10/2014 16:48,"RE: Hey, I’m going home sick.",Vira Frente,Engineering,Hydraulic Technician,Stenig Fusil,Security,Building Control
Stenig.Fusil@gastech.com.kronos,Vira.Frente@gastech.com.kronos,1/10/2014 17:49,"RE: Hey, I’m going home sick.",Vira Frente,Engineering,Hydraulic Technician,Stenig Fusil,Security,Building Control
Valeria.Morlun@gastech.com.kronos,Anda.Ribera@gastech.com.kronos,1/6/2014 13:01,Favor - borrow hedge trimmer,Anda Ribera,Administration,Assistant to CFO,Valeria Morlun,Facilities,Truck Driver
Valeria.Morlun@gastech.com.kronos,Anda.Ribera@gastech.com.kronos,1/6/2014 13:59,RE: Favor - borrow hedge trimmer,Anda Ribera,Administration,Assistant to CFO,Valeria Morlun,Facilities,Truck Driver
Varja.Lagos@gastech.com.kronos,Axel.Calzas@gastech.com.kronos,1/10/2014 10:00,Out of staples,Axel Calzas,Engineering,Drill Technician,Varja Lagos,Security,Badging Office
Varja.Lagos@gastech.com.kronos,Axel.Calzas@gastech.com.kronos,1/10/2014 12:24,RE: Out of staples,Axel Calzas,Engineering,Drill Technician,Varja Lagos,Security,Badging Office
Varja.Lagos@gastech.com.kronos,Felix.Balas@gastech.com.kronos,1/9/2014 11:14,Congratulations on your service anniversary,Felix Balas,Engineering,Engineer,Varja Lagos,Security,Badging Office
Varja.Lagos@gastech.com.kronos,Willem.Vasco-Pais@gastech.com.kronos,1/10/2014 11:05,Meeting,Willem Vasco-Pais,Executive,Environmental Safety Advisor,Varja Lagos,Security,Badging Office
Varro.Awelon@gastech.com.kronos,Carla.Forluniau@gastech.com.kronos,1/16/2014 9:34,Favor - borrow hedge trimmer,Carla Forluniau,Administration,Assistant to IT Group Manager,Varro Awelon,Facilities,Janitor
Varro.Awelon@gastech.com.kronos,Carla.Forluniau@gastech.com.kronos,1/16/2014 12:20,RE: Favor - borrow hedge trimmer,Carla Forluniau,Administration,Assistant to IT Group Manager,Varro Awelon,Facilities,Janitor
Varro.Awelon@gastech.com.kronos,Carla.Forluniau@gastech.com.kronos,1/16/2014 12:41,RE: Favor - borrow hedge trimmer,Carla Forluniau,Administration,Assistant to IT Group Manager,Varro Awelon,Facilities,Janitor
Varro.Awelon@gastech.com.kronos,Mat.Bramar@gastech.com.kronos,1/10/2014 12:11,Need a ride to lunch later,Mat Bramar,Administration,Assistant to CEO,Varro Awelon,Facilities,Janitor
Varro.Awelon@gastech.com.kronos,Mat.Bramar@gastech.com.kronos,1/10/2014 14:13,RE: Need a ride to lunch later,Mat Bramar,Administration,Assistant to CEO,Varro Awelon,Facilities,Janitor
Varro.Awelon@gastech.com.kronos,Mat.Bramar@gastech.com.kronos,1/10/2014 14:54,RE: Need a ride to lunch later,Mat Bramar,Administration,Assistant to CEO,Varro Awelon,Facilities,Janitor
Vira.Frente@gastech.com.kronos,Linda.Lagos@gastech.com.kronos,1/17/2014 18:00,RE: Awwww- cute!,Linda Lagos,Administration,Assistant to COO,Vira Frente,Engineering,Hydraulic Technician
Vira.Frente@gastech.com.kronos,Minke.Mies@gastech.com.kronos,1/17/2014 10:59,The rest of the files are in your mailbox,Minke Mies,Security,Perimeter Control,Vira Frente,Engineering,Hydraulic Technician
Vira.Frente@gastech.com.kronos,Minke.Mies@gastech.com.kronos,1/17/2014 12:46,RE: The rest of the files are in your mailbox,Minke Mies,Security,Perimeter Control,Vira Frente,Engineering,Hydraulic Technician
Vira.Frente@gastech.com.kronos,Minke.Mies@gastech.com.kronos,1/17/2014 13:07,RE: The rest of the files are in your mailbox,Minke Mies,Security,Perimeter Control,Vira Frente,Engineering,Hydraulic Technician
Vira.Frente@gastech.com.kronos,Stenig.Fusil@gastech.com.kronos,1/10/2014 15:12,"Hey, I’m going home sick.",Stenig Fusil,Security,Building Control,Vira Frente,Engineering,Hydraulic Technician
Vira.Frente@gastech.com.kronos,Stenig.Fusil@gastech.com.kronos,1/10/2014 17:34,"RE: Hey, I’m going home sick.",Stenig Fusil,Security,Building Control,Vira Frente,Engineering,Hydraulic Technician
Willem.Vasco-Pais@gastech.com.kronos,Inga.Ferro@gastech.com.kronos,1/7/2014 10:32,Late for meeting,Inga Ferro,Security,Site Control,Willem Vasco-Pais,Executive,Environmental Safety Advisor
Willem.Vasco-Pais@gastech.com.kronos,Inga.Ferro@gastech.com.kronos,1/7/2014 12:05,RE: Late for meeting,Inga Ferro,Security,Site Control,Willem Vasco-Pais,Executive,Environmental Safety Advisor
