noticia,fecha,oracion,sustantivos,personas,organizaciones,cant_personas,0,1,2,3,4
0.txt,20120908,The posters with coloured images of Elian Karel and Juliana Vann were recalls of the heavy toll already paid by chiefs and the innocent ones.,"poster,image,recall,toll,chief,one","Elian Karel,Juliana Vann","Elian Karel,Juliana Vann",2,Elian Karel,Juliana Vann,,,
1.txt,20131218,"The classifications prove that GAStech - the executives of Kronos gained of the $327.25 collective million of the lately invested shares including $96.25 million for CFO Ingrid Barranco,CIO Ada Campo-Corrente, and Orhan Strum.","classification,executive,share","Ingrid Barranco,Ada Campo-Corrente,Orhan Strum","Ingrid Barranco,Ada Campo-Corrente,Orhan Strum",3,Ingrid Barranco,Ada Campo-Corrente,Orhan Strum,,
104.txt,20120310,"The letters which are claimed have been received for of the guards of Kronos (POK) its Vincent Kapelou, minister of health and cousin of president Kapelou.","letter,guard,minister,health,cousin,president",Vincent Kapelou,"Vincent Kapelou,Kapelou",2,Vincent Kapelou,,,,
116.txt,20120621,"Elian knew a difficult travel of him would be.  He had on its father, Jeroen and the founder of POK, the pace of Henk Bodrogi actual gone paid attention which he would enter.","travel,father,founder,pace,attention","Elian Karel,Jeroen Karel,Henk Bodrogi","Elian Elian Karel,Jeroen Karel,Henk Bodrogi",3,Elian Karel,Jeroen Karel,Henk Bodrogi,,
116.txt,20120621,"We collect us today to remind Elian Karel, Silvia Marek told rap assembly, much of which supported white candles in the honor of Karel.","today,rap,assembly,candle,honor","Elian Karel,Silvia Marek","Elian Karel,Silvia Marek,Karel",3,Elian Karel,Silvia Marek,,,
122.txt,20140120,"The reporter that they regard the reception to the relationship of the capitol that sees the president of GAStech and the CEO,  Sten Sanjorge Jr., but they have not seen Ingrid Barranca, Ada Campo-Corrente, the Orhan Strum, or Willem Vasco-Pais.","reporter,reception,relationship,capitol,president","Sanjorge Jr,Ingrid Barranco,Ada Campo-Corrente,Orhan Strum,Willem Vasco-Pais","Sten Sanjorge Jr,Ingrid Barranco,Ada Campo-Corrente,Orhan Strum,Willem Vasco-Pais",5,Sanjorge Jr,Ingrid Barranco,Ada Campo-Corrente,Orhan Strum,Willem Vasco-Pais
128.txt,20140119,We at the Homeland Illumination look forward to hearing what President Kapelou II and CEO Sten Sanjorge Jr. have to say about how this unholy alliance has benefited the citizens of Kronos.,"alliance,citizen","Kapelou II,Sanjorge Jr","Kapelou II,Sten Sanjorge Jr",2,Kapelou II,Sanjorge Jr,,,
129.txt,20010831,"The protestors, members of the activist group ""Protectors of Kronos"", held signs reading: ""Drilling Poisoned Our Water"" and ""Remember Juliana"", referring to 10 year old Juliana Vann, who has become an icon for the Protectors of Kronos since her death in 1998.","protestor,member,activist,group,sign,year,icon,death","Juliana Vann,Juliana Vann","Juliana Vann,Juliana Vann",2,Juliana Vann,,,,
130.txt,20130620,"A larger than usual crowd gathered in front of the Capitol building, waving signs holding pictures of Elian Karel and Juliana Vann, who were painted as POK ""martyrs"".","crowd,front,building,waving,sign,holding,picture,martyr","Elian Karel,Juliana Vann","Elian Karel,Juliana Vann",2,Elian Karel,Juliana Vann,,,
138.txt,20140120,"The classifications of IPO prove that the executive group gained of the $327.25 collective million of the lately invested shares including/understanding $96.25 million for CFO Ingrid Barranco, CIO ADA Campo-Corrente, and t Orhan Strum.","classification,group,share,t","Ingrid Barranco,Ada Campo-Corrente,Orhan Strum","Ingrid Barranco,Campo-Corrente,Orhan Strum",3,Ingrid Barranco,Ada Campo-Corrente,Orhan Strum,,
148.txt,20140119,Waiting with hearing which President Kapelou and CEO Sten Sanjorge Jr. must say about the way in which this profane alliance profited the citizens from Kronos.,"way,alliance,citizen","Kapelou,Sanjorge Jr","Kapelou,Sten Sanjorge Jr",2,Kapelou II,Sanjorge Jr,,,
149.txt,20090623,"By fanning embers of Juliana Vann to make countryside, the 10 year old girl who died of the diseases allotted to the industrial jets of reject of the government-favored company of GASTech in 1998, Karel was stopped and thrown in prison according to a human stopping of road POK-launched in front of registered offices of GAStech in May.","ember,countryside,year,girl,disease,jet,reject,government,company,prison,human,stopping,road,front,office","Elian Karel,Juliana Vann","Juliana Vann,Karel",2,Elian Karel,Juliana Vann,,,
149.txt,20090623,"<<deleted the image of Elian Karel speaking with a gathering in Abila>>

The voice of the protest for some, the demagogue of popularist for others, guards of the Chief Elian Karel of Kronos became a gathering martyrdom and point for some; a figure of scorn and rabblerousing for others, and a political concern with the government of Kronosian, in one year filled by event, accentuated by its suspicious death Friday.","image,gathering,voice,protest,demagogue,popularist,other,guard,gathering,martyrdom,point,figure,scorn,rabblerousing,other,concern,government,year,event,death","Elian Karel,Elian Karel","Elian Karel,Elian Karel",2,Elian Karel,,,,
154.txt,19980320,"I asked Reese to help me meet the people whose lives have been impacted by GAStech's operations.   

I caught up with Henk Bodrogi in town making purchases at the Osvaldo hardware store to repair a broken tractor.","people,life,operation,town,purchase,hardware,store,tractor","Pondo Reese,Henk Bodrogi","Pondo Reese,Henk Bodrogi",2,Pondo Reese,Henk Bodrogi,,,
154.txt,19980320,"The two founders - Sten Sanjorge Sr and Hank Fluss - found wildcat drilling to be more lucrative, and thus began a series of environmental disasters and financial scandals that eventually ran Sanjorge Sr into an early grave and drove Fluss into a marginal role in his own company.  With the death of Sanjorge Sr, the son took the helm of GAStech firmly in his grasp and broadened its influence further afield, eventually landing at the doorstep of the small peaceful township of Elodis.","founder,wildcat,drilling,series,disaster,scandal,grave,role,company,death,son,helm,grasp,influence,doorstep,township","Sanjorge Sr,Hank Fluss,Sanjorge Sr,Hank Fluss,Sanjorge Sr","Sten Sanjorge Sr,Hank Fluss,Sanjorge Sr,Hank Fluss,Sanjorge Sr",5,Sanjorge Sr,Hank Fluss,Sanjorge Sr,Hank Fluss,Sanjorge Sr
155.txt,20090622,"<<deleted image of Elian Karel speaking at a rally in Abila>> 

Voice of protest for some, popularist demagogue for others, Protectors of Kronos leader Elian Karel became a martyr and a rallying point for some; 

Resurrecting the embers of the Juliana Vann campaign, the 10 year old girl who died from illnesses attributed to the government-favored GASTech corporation's industrial waste streams in 1998, Karel was arrested and thrown in jail following a POK-initiated human roadblock in front of GAStech headquarters in May.","image,rally,voice,protest,demagogue,other,leader,martyr,rallying,point,ember,campaign,year,girl,illness,government,corporation,waste,stream,jail,roadblock,front,headquarters","Elian Karel,Juliana Vann","Elian Karel,Elian Karel,Juliana Vann,Karel",4,Elian Karel,Juliana Vann,,,
161.txt,20110620,"These confidential sources have since moved from the area and have been unavailable for contact.
Police have denied anything unusual happened in Karels death and city officials claim the accusations of murder and wrongful death are asserted by POK rabble-rousers attempting to incite instability and violence.
Yesterday on the morning of June 19th, a small group of POK supporters gathered in front of the Abila Police Station, holding photographs of Elian, and of another young martyr, Juliana Vann, the ten-year old girl who died in 1998 from cancer caused by benzene toxins in her drinking water.","source,area,contact,police,death,city,official,accusation,murder,death,rabble,rouser,instability,violence,yesterday,19th,group,supporter,front,photograph,martyr,year,girl,cancer,benzene,toxin,drinking,water","Elian Karel,Juliana Vann","Elian Karel,Juliana Vann",2,Elian Karel,Juliana Vann,,,
164.txt,20030519,"Hank Fluss is survived by his 54 year old wife, Beatriz Fluss, 5 children, and 12 children.","year,wife,child,child","Hank Fluss,Beatriz Fluss","Hank Fluss,Beatriz Fluss",2,Hank Fluss,Beatriz Fluss,,,
164.txt,20030519,"Hank Fluss spent 40 years with GAStech, treating as a friend Sten Sanjorge, Sr. in 1963 when both started out all alone.","year,friend","Hank Fluss,Sanjorge Sr","Hank Fluss,Sten Sanjorge, Sr",3,Hank Fluss,Sanjorge Sr,,,
167.txt,20140121,"Reported missing includes: GAStech President and CEO Sten Sanjorge Jr,CFO Ingrid Barranco, CIO Ada Campo-Corrente, COO Orhan Strum, and Environmental Officer Willem Vasco-Pais.",,"Sanjorge Jr,Ingrid Barranco,Ada Campo-Corrente,Orhan Strum,Willem Vasco-Pais","Sten Sanjorge Jr,Ingrid Barranco,Ada Campo-Corrente,Orhan Strum,Willem Vasco-Pais",5,Sanjorge Jr,Ingrid Barranco,Ada Campo-Corrente,Orhan Strum,Willem Vasco-Pais
170.txt,20140120,"The IPO filings show that the executive group earned a collective $327.25 million from the newly vested shares including $96.25 million each for CFO Ingrid Barranco, CIO Ada Campo-Corrente, and COO Orhan Strum.","ipo,filing,group,share","Ingrid Barranco,Ada Campo-Corrente,Orhan Strum","Ingrid Barranco,Ada Campo-Corrente,Orhan Strum",3,Ingrid Barranco,Ada Campo-Corrente,Orhan Strum,,
174.txt,20140119,"Government spokesman Rufus Drymiau informed The Star that Sten Sanjorge Jr., President and CEO of GAStech, has traveled from Tethys to attend the events.","government,spokesman,event","Rufus Drymiau,Sanjorge Jr","Rufus Drymiau,Sten Sanjorge Jr",2,Rufus Drymiau,Sanjorge Jr,,,
174.txt,20140119,"Local GAStech executives Ingrid Barranco, Ada Campo-Corrente, Orhan Strum, and Willem Vasco-Pais will attend a reception with government officials tomorrow following a business meeting at their headquarters building.","executive,reception,government,official,tomorrow,business,meeting,headquarters,building","Ingrid Barranco,Ada Campo-Corrente,Orhan Strum,Willem Vasco-Pais","Ingrid Barranco,Ada Campo-Corrente,Orhan Strum,Willem Vasco-Pais",4,Ingrid Barranco,Ada Campo-Corrente,Orhan Strum,Willem Vasco-Pais,
18.txt,20120620,"""Today we gather to remember Elian Karel,"" Silvia Marek told the rapt assembly, many of whom held up white candles in Karel's honor.","today,assembly,candle,honor","Elian Karel,Silvia Marek","Elian Karel,Silvia Marek,Karel",3,Elian Karel,Silvia Marek,,,
18.txt,20120620,"He grew up with the specter of death all around him.   By the time Elian was 17 many of his family members and friends were battling constant illness, including his neighbor 10-year old Juliana Vann.""","specter,death,time,family,member,friend,illness,neighbor,year","Elian Karel,Juliana Vann","Elian Karel,Juliana Vann",2,Elian Karel,Juliana Vann,,,
18.txt,20120620,"He had watched his father, Jeroen and the founder of the POK, Henk Bodrogi walk the very path he would tread.","father,founder,path","Jeroen Karel,Henk Bodrogi","Jeroen Karel,Henk Bodrogi",2,Jeroen Karel,Henk Bodrogi,,,
185.txt,20090620,"A unifying theme of the protesters was the chanted slogans including ""Justice for Elian"" in reference to previously mentioned activist Elian Karel and ""Remember Juliana"", a young girl from Elodis who died in 1998 allegedly from the effects of water contamination.","theme,protester,slogan,justice,reference,activist,girl,effect,water,contamination","Elian Karel,Juliana Vann","Elian Karel,Elian Karel,Juliana",3,Elian Karel,Juliana Vann,,,
189.txt,20130622,"Greater of the crowd it generally collected in front of the building of the Capitol, shaking the samples that carried out the pictures of Elian Karel and Julian Vann, that were painted like POK ""martyrs"".  The crowds sang on the corruption of the government and called president Dorel Kapelou to reduce.  Several protestors took the samples that called for an end to ""corporative Capitalism exploitive of Tethys"" and alleging, ""GAStech poisoned to our kids"".  

The police and the forces of the government security installed between protestors and the building of the Capitol in a demonstration of the force, hoping to prevent the class with chaos that happened during the uproar of the last year.  Nevertheless, after several hours to sing and of speeches, the geniuses in the crowd indicated by means of lights and protestors undertook the line of the police.","crowd,front,building,sample,picture,martyr,crowd,corruption,government,president,protestor,sample,end,capitalism,kid,police,force,government,security,protestor,building,demonstration,force,class,chaos,uproar,year,hour,speech,genius,crowd,mean,light,protestor,line,police","Elian Karel,Julian Vann,Dorel Kapelou","Elian Karel,Julian Vann,Dorel Kapelou",3,Elian Karel,Juliana Vann,Kapelou II,,
204.txt,20090621,"A unifying theme of the protesters was the chanted slogans including ""Justice for Elian"" in reference to previously mentioned activist Elian Karel and ""Remember Juliana"", a young girl from Elodis who died in 1998 allegedly from the effects of water contamination.","theme,protester,slogan,justice,reference,activist,girl,effect,water,contamination","Elian Karel,Juliana Vann","Elian Karel,Elian Karel,Juliana",3,Elian Karel,Juliana Vann,,,
213.txt,20120823,"Karel had been involved with the POK since its inception given that his father, Jeroen Karel, was an original member.","inception,father,member","Elian Karel,Jeroen Karel","Elian Karel,Jeroen Karel",2,Elian Karel,Jeroen Karel,,,
223.txt,20131218,"As far as the details of the limadura: Stake of s 51% of the Jr of Sanjorge ""in the company is worth $1.96 billion; The stake of Beatriz Fluss"" (widow of the Hank Fluss of the Co-founder of the company) 33% is worth $1.27 billion.","detail,limadura,stake,%,company,stake,widow,-,founder,company,%","Beatriz Fluss,Hank Fluss,Sanjorge Jr","Jr,Sanjorge,Beatriz Fluss,Hank Fluss",4,Beatriz Fluss,Hank Fluss,Sanjorge Jr,,
223.txt,20131218,"The filings demonstrate that the GAStech - the executives of Kronos gained $327.25 million collective of the parts granted including $96.25 million by each one for CFO Ingrid Barranco, Ada Campo-Corrente, and Orhan Strum the COO.","filing,executive,collective,part","Ingrid Barranco,Ada Campo-Corrente,Orhan Strum","Ingrid Barranco,Ada Campo-Corrente,Orhan Strum",3,Ingrid Barranco,Ada Campo-Corrente,Orhan Strum,,
225.txt,20110620,"Yesterday on the morning of June 19th, a small group of POK supporters gathered in front of the Abila Police Station, holding photographs of Elian, and of another young martyr, Juliana Vann, the ten-year old girl who died in 1998 from cancer caused by benzene toxins in her drinking water.","yesterday,19th,group,supporter,front,photograph,martyr,year,girl,cancer,benzene,toxin,drinking,water","Elian Karel,Juliana Vann","Elian Karel,Juliana Vann",2,Elian Karel,Juliana Vann,,,
228.txt,20120308,"I doubled the size of my force of safety and sent my family far from the prolonged holidays.""

Kapelou, 39, were named with the position of the Minister for health in 2001 after the death of Cesare Nespola.","size,force,safety,family,holiday,position,health,death","Kapelou,Cesare Nespola","Kapelou,Cesare Nespola",2,Kapelou II,Cesare Nespola,,,
24.txt,20090622,"Resurrecting the embers of the Juliana Vann campaign, the 10 year old girl who died from illnesses attributed to the government-favored GASTech corporation's industrial waste streams in 1998, Karel was arrested and thrown in jail following a POK-initiated human roadblock in front of GAStech headquarters in May.","ember,campaign,year,girl,illness,government,corporation,waste,stream,jail,roadblock,front,headquarters","Elian Karel,Juliana Vann","Juliana Vann,Karel",2,Elian Karel,Juliana Vann,,,
24.txt,20090622,"Once, after GAStech CEO Sten Sanjorge Jr. likened the POK to a terrorist group in a press interview, Karel  quipped, ""Sanjorge is a brilliant leader of GAStech.","group,press,interview,leader","Elian Karel,Sanjorge Jr","Sten Sanjorge Jr,Karel,Sanjorge",3,Elian Karel,Sanjorge Jr,,,
240.txt,20140119,"The local GAStech staff employees Ingrid Barranco, Ada Campo-Corrente, Orhan Strum, and Willem Vasco-Pais tomorrow a reception with government civil servants will attend construction after a commercial meeting on the their headquarters.","staff,employee,tomorrow,reception,government,servant,construction,meeting,headquarters","Ingrid Barranco,Ada Campo-Corrente,Orhan Strum,Willem Vasco-Pais","Ingrid Barranco,Ada Campo-Corrente,Orhan Strum,Willem Vasco-Pais",4,Ingrid Barranco,Ada Campo-Corrente,Orhan Strum,Willem Vasco-Pais,
240.txt,20140119,"Spokesman Rufus Drymiau of the government said Sten Sanjorge Jr.,  the President and CEO of GAStech, of Tethys will attend the events.","government,event","Rufus Drymiau,Sanjorge Jr","Rufus Drymiau,Sten Sanjorge Jr",2,Rufus Drymiau,Sanjorge Jr,,,
245.txt,20140121,"Communicated missing includes: President and CEO Sten Sanjorge Jr, CFO Ingrid Barranco, CIO Ada campo-Corrente, COO Orhan Strum, and environment civil servant Willem Vasco-Pais of GAStech.

The local news organizations a ransom note of POK which requires responsibility and $20 millions has received of the company requires.","environment,servant,news,organization,ransom,note,responsibility,company","Sanjorge Jr,Ingrid Barranco,Ada Campo-Corrente,Orhan Strum,Willem Vasco-Pais","Sten Sanjorge Jr,Ingrid Barranco,Ada Campo-Corrente,Orhan Strum,Willem Vasco-Pais",5,Sanjorge Jr,Ingrid Barranco,Ada Campo-Corrente,Orhan Strum,Willem Vasco-Pais
248.txt,19990709,"""We fight for clean water, good health and now we will have the funds to do this to occur.  Thank you to the Nespola minister more children will not have to die.""

Osvaldo refers to Juliana Vann, the 10 years - the maid who died last year of leukemia due to with the benzene poisoning of the operations of gas drilling upstream of her house.

The POK formed in 1997 in response to the pollution of the supply water of Elodis and to the deaths of disease and following resultants of the residents.","water,health,fund,minister,child,year,maid,year,leukemia,benzene,operation,gas,drilling,house,response,pollution,supply,water,death,disease,resultant,resident","Carmine Osvaldo,Juliana Vann","Osvaldo,Juliana Vann",2,Carmine Osvaldo,Juliana Vann,,,
249.txt,20110622,"Two years ago yesterday Elian Karel died at age 28 in a cell of prison of Abila, supposedly of heart stop.","year,yesterday,age,cell,prison,heart,stop","Elian Karel,Abila","Elian Karel,Abila",2,Elian Karel,Abila,,,
249.txt,20110622,"Yesterday the morning of June 19, a small group of defenders of POK collected in front of the police station of Abila, holding of the photographs of Elian, and another young martyrdom, Juliana Vann, ten years old maid who died in 1998 of cancer caused by benzene toxins in her drinking water.","yesterday,morning,group,defender,front,police,station,photograph,martyrdom,year,maid,cancer,benzene,toxin,drinking,water","Elian Karel,Juliana Vann","Elian Karel,Juliana Vann",2,Elian Karel,Juliana Vann,,,
258.txt,20120309,"The tried letters to be of the protectors of Kronos (POK) have been received by Vincent Kapelou, minister of the health and nephew of president Kapelou.","letter,protector,minister,health,nephew","Vincent Kapelou,Kapelou","Vincent Kapelou,Kapelou",2,Vincent Kapelou,Kapelou II,,,
265.txt,20120308,"Letters purported to be from the Protectors of Kronos (POK) have been received by Vincent Kapelou, Minister of Health and nephew of President Kapelou.","letter,nephew","Vincent Kapelou,Kapelou","Vincent Kapelou,Kapelou",2,Vincent Kapelou,Kapelou II,,,
268.txt,20090623,"The LEADER of forbearant environment activist group, Karel had started an already mark of policy of him, which POK in the projector of this island nation operated.

With fuel action-based provide organization, instead of floating one guard for their government to solicit aright to make by a growing dissatisfaction with the awkward government Kronosian, started he POK in on.

Doing embers of the campaign of Juliana Vann, revive 10 the one person whose birthday it is little girl that to sicknesses died which to government-approved are attributed the industry waste streams of the company GASTech in 1998, Karel was arrested and was thrown in prison dam for headquarters GAStech in May, human put, after pOK-In a functioning.","leader,environment,activist,group,mark,policy,projector,island,nation,fuel,action,organization,guard,government,aright,dissatisfaction,government,ember,campaign,person,birthday,girl,sickness,government,industry,waste,stream,company,prison,dam,headquarters,human,pok,functioning","Elian Karel, Juliana Vann","Karel,Juliana Vann",2,Elian Karel,Juliana Vann,,,
273.txt,20010830,"The protestors, members of the activist group ""Protectors of Kronos"", held signs reading: ""Drilling Poisoned Our Water"" and ""Remember Juliana"", referring to 10 year old Juliana Vann, who has become an icon for the Protectors of Kronos since her death in 1998.","protestor,member,activist,group,sign,year,icon,death","Juliana Vann,Juliana Vann","Juliana Vann,Juliana Vann",2,Juliana Vann,,,,
300.txt,20120824,"Karel been had implied with the POK from its beginning since his father, Jeroen Karel, were an original member.","beginning,father,member","Elian Karel,Jeroen Karel","Elian Karel,Jeroen Karel",2,Elian Karel,Jeroen Karel,,,
306.txt,20010614,"Shortly after hearing of Nespola's death, President Kapelou announced that his nephew Vincent Kapelou would serve as his administration's new Minister of Health.","death,nephew,administration","Cesare Nespola,Kapelou,Vincent Kapelou","Nespola,Kapelou,Vincent Kapelou",3,Cesare Nespola,Kapelou II,Vincent Kapelou,,
309.txt,20090621,"A gathering of the hundreds of protestateurs combined with ""guards the movement of Kronos"" turned to violence today as the annoyed activists exhaled their dissatisfaction on the innocent citizens with Abila after having heard the news of died of Elian Karel of the Chief of POK.","gathering,hundred,protestateur,guard,movement,violence,today,activist,dissatisfaction,citizen,news","Abila,Elian Karel","Abila,Elian Karel",2,Abila,Elian Karel,,,
318.txt,20120621,"The pictures of Juliana Vann, 10 the one person whose birthday it is little girl that to sicknesses dies which to be attributed to industrial reuze international GAStech served such as collecting aim.

People who to pro-government counter-collection were attacked lead POK defenders, and the more recent shots were put in fire.  

Tuesday were the third anniversary of mysterious dead of Elian Karel, a popular LEADER of POK who in prison died. 

Later in the day, what a mainly peaceful violently twisted demonstration had been then the mob started government bldg. and the presidential farm vandalizing.  

A group younger protestors attacked vehicles, break windows.","picture,person,birthday,girl,sickness,reuze,aim,people,counter,-,collection,defender,shot,fire,anniversary,leader,prison,day,demonstration,mob,government,bldg,.,farm,group,protestor,vehicle,window","Juliana Vann,Elian Karel","Juliana Vann,Elian Karel",2,Juliana Vann,Elian Karel,,,
33.txt,20120907,Posters with colorful images of Elian Karel and Juliana Vann were reminders of the heavy toll already paid by leaders and innocents.,"poster,image,reminder,toll,leader,innocent","Elian Karel,Juliana Vann","Elian Karel,Juliana Vann",2,Elian Karel,Juliana Vann,,,
342.txt,19980320,"The two founders - Sten Sanjorge Sr and Hank Fluss - found wildcat drilling to be more lucrative, and thus began a series of environmental disasters and financial scandals that eventually ran Sanjorge Sr into an early grave and drove Fluss into a marginal role in his own company.","founder,wildcat,drilling,series,disaster,scandal,grave,role,company","Sanjorge Sr,Hank Fluss,Sanjorge Sr,Hank Fluss","Sten Sanjorge Sr,Hank Fluss,Sanjorge Sr,Hank Fluss",4,Sanjorge Sr,Hank Fluss,Sanjorge Sr,Hank Fluss,
350.txt,20140120,1052 - I just received word from Illumination correspondent Petrus Gerhard that CEO Sanjorge arrived at the capitol building a few minutes ago.,"word,correspondent,capitol,building,minute","Petrus Gerhard,Sanjorge Jr","Petrus Gerhard,Sanjorge",2,Petrus Gerhard,Sanjorge Jr,,,
351.txt,20120621,"The images of Juliana Vann, girl the 10 year old who dies of the diseases allotted to the international industrial giant of GAStech been used as gathering points.

People moving to a pro-governmental gather were attacked by defenders of POK, and posterior projectiles were put fire.  

Tuesday was the third birthday of the mysterious death of Elian Karel, a popular chief of the POK which died in prison. 

Later in day, which had been a demonstration mainly peaceful round violent when crowd began with vandalizing the buildings of government and the presidential farm.  

A group of younger protestateurs attacked vehicles, windows sensational.","image,girl,year,disease,giant,gathering,point,people,gather,defender,projectile,fire,birthday,death,chief,prison,day,demonstration,crowd,building,government,farm,group,protestateur,vehicle,window","Juliana Vann,Elian Karel","Juliana Vann,Elian Karel",2,Juliana Vann,Elian Karel,,,
353.txt,20090622,"<<deleted image of Elian Karel speaking at a rally in Abila>> 

Voice of protest for some, popularist demagogue for others, Protectors of Kronos leader Elian Karel became a martyr and a rallying point for some; a figure of disdain and rabblerousing for others, and a political concern to the Kronosian government, within an event filled year, accented by his suspicious death on Friday.","image,rally,voice,protest,demagogue,other,leader,martyr,rallying,point,figure,disdain,rabblerousing,other,concern,government,event,year,death","Elian Karel,Elian Karel","Elian Karel,Elian Karel",2,Elian Karel,,,,
353.txt,20090622,"Resurrecting the embers of the Juliana Vann campaign, the 10 year old girl who died from illnesses attributed to the government-favored GASTech corporation's industrial waste streams in 1998, Karel was arrested and thrown in jail following a POK-initiated human roadblock in front of GAStech headquarters in May.","ember,campaign,year,girl,illness,government,corporation,waste,stream,jail,roadblock,front,headquarters","Elian Karel,Juliana Vann","Juliana Vann,Karel",2,Elian Karel,Juliana Vann,,,
360.txt,20131217,"Submitting to show to that GAStech - the staff employees Kronos deserved collective $327.25 millions each of the recently held shares of $96.25 millions for CFO Ingrid Barranco, CIO Ada campo-Corrente, and COO Orhan Strum.","staff,employee,share","Ingrid Barranco,Ada Campo-Corrente,Orhan Strum","Ingrid Barranco,Ada Campo-Corrente,Orhan Strum",3,Ingrid Barranco,Ada Campo-Corrente,Orhan Strum,,
363.txt,20010616,"Shortly after to hear speak of the death of Nespola, president Kapelou announced that his nephew Vincent Kapelou would serve as new minister of his administration of the health.","speak,death,nephew,minister,administration,health","Cesare Nespola,Kapelou,Vincent Kapelou","Nespola,Kapelou,Vincent Kapelou",3,Cesare Nespola,Kapelou II,Vincent Kapelou,,
371.txt,20030517,"Hank Fluss is survived by his wife of 54 years, Beatriz Fluss, his 5 children, and 12 grandchildren.","wife,year,child,grandchild","Hank Fluss,Beatriz Fluss","Hank Fluss,Beatriz Fluss",2,Hank Fluss,Beatriz Fluss,,,
374.txt,20130620,"A larger than usual crowd gathered in front of the Capitol building, waving signs holding pictures of Elian Karel and Juliana Vann, who were painted as POK ""martyrs"".   

Police and government security forces set up between the protestors and the Capitol building in a show of force, hoping to prevent the kind of chaos that occurred during last year's riot.","crowd,front,building,sign,picture,martyr,police,government,security,force,protestor,show,force,kind,chaos,year,riot","Elian Karel,Juliana Vann","Elian Karel,Juliana Vann",2,Elian Karel,Juliana Vann,,,
375.txt,20131217,"The filings show that the GAStech - Kronos executives earned a collective $327.25 million from the newly vested shares including $96.25 million each for CFO Ingrid Barranco, CIO Ada Campo-Corrente, and COO Orhan Strum.","filing,executive,share","Ingrid Barranco,Ada Campo-Corrente,Orhan Strum","Ingrid Barranco,Ada Campo-Corrente,Orhan Strum",3,Ingrid Barranco,Ada Campo-Corrente,Orhan Strum,,
379.txt,20120307,"I have doubled the size of my security force and sent my family away on an extended vacation.""

Kapelou, 39, was appointed to the position of Minister of Health in 2001 after the death of Cesare Nespola.","size,security,force,family,vacation,position,death","Kapelou,Cesare Nespola","Kapelou,Cesare Nespola",2,Kapelou II,Cesare Nespola,,,
385.txt,20090622,"A subject of the unification of the demonstrators was the mottos sung including ""justice for Elian"" in reference to the activist previously mentioned Elian Karel and ""to remember Julian"", a young girl of Elodis that died in 1998 alleged of the effects of the contamination of the water.","subject,unification,demonstrator,motto,justice,reference,activist,girl,effect,contamination,water","Elian Karel,Juliana Vann,","Elian Karel,Elian Karel,Juliana Vann,Elodis",4,Elian Karel,Juliana Vann,,,
387.txt,20090623,"<<deleted the image of Elian Karel that spoke in a meeting in Abila>>

The voice of the protest for some, demagog for others, protective of popularist of the leader Elian Karel de Kronos became martyr and a point of the meeting for some; a figure of the disdain and rabblerousing for others, and a political preoccupation to the government of Kronosian, within a filled year event, accentuated by its suspicious death Friday.","image,meeting,voice,protest,other,popularist,leader,martyr,point,meeting,figure,disdain,rabblerousing,other,preoccupation,government,year,event,death","Elian Karel,Elian Karel,","Elian Karel,Elian Karel,",3,Elian Karel,,,,
394.txt,20130621,"Larger than usual mob which is collected for the Capitol bldg., undulating signs of Elian Karel and Juliana Vann, which was painted as POK martyrs, sign.","mob,bldg,sign,martyr,sign","Elian Karel,Juliana Vann","Elian Karel,Juliana Vann",2,Elian Karel,Juliana Vann,,,
396.txt,20140121,"One fears fourteen employees, probably including five executive leaders, removed yesterday by the ""guards of Kronos"".  Disappeared paid include: President and PRESIDENT Sten Sanjorge Jr, CFO Ingrid Barranco, CIO Ada Campo-Corrente, Orhan Strum, and environmental leader Willem Vasco-Pais.

The local organizations of news received a note of ransom of the claiming responsibility and to require POK $20 million the company.  They is possible additional requests are received.

Sanjorge and the others disappeared according to a meeting from council to the registered offices from GASTech.","employee,leader,yesterday,guard,leader,organization,news,note,ransom,responsibility,company,request,other,meeting,council,office","Sanjorge Jr,Ingrid Barranco,Ada Campo-Corrente,Orhan Strum,Willem Vasco-Pais","Sten Sanjorge Jr,Ingrid Barranco,Ada Campo-Corrente,Orhan Strum,Willem Vasco-Pais,Sanjorge",6,Sanjorge Jr,Ingrid Barranco,Ada Campo-Corrente,Orhan Strum,Willem Vasco-Pais
40.txt,20140119,"Local GAStech executives Ingrid Barranco, Ada Campo-Corrente, Orhan Strum, and Willem Vasco-Pais and CEO Sten Sanjorge Jr. will attend a reception with government officials tomorrow following a business meeting at their headquarters building.","executive,reception,government,official,tomorrow,business,meeting,headquarters,building","Ingrid Barranco,Ada Campo-Corrente,Orhan Strum,Willem Vasco-Pais,Sanjorge Jr","Ingrid Barranco,Ada Campo-Corrente,Orhan Strum,Willem Vasco-Pais,Sten Sanjorge Jr",5,Ingrid Barranco,Ada Campo-Corrente,Orhan Strum,Willem Vasco-Pais,Sanjorge Jr
436.txt,20140119,"Local GAStech executives Ingrid Barranco, Ada Campo-Corrente, Orhan Strum, and Willem Vasco-Pais will attend a reception with government officials tomorrow following a business meeting at their headquarters building.","executive,reception,government,official,tomorrow,business,meeting,headquarters,building","Ingrid Barranco,Ada Campo-Corrente,Orhan Strum,Willem Vasco-Pais","Ingrid Barranco,Ada Campo-Corrente,Orhan Strum,Willem Vasco-Pais",4,Ingrid Barranco,Ada Campo-Corrente,Orhan Strum,Willem Vasco-Pais,
436.txt,20140119,"Government spokesman Rufus Drymiau informed The Star that Sten Sanjorge Jr., President and CEO of GAStech, has traveled from Tethys to attend the events.","government,spokesman,event","Rufus Drymiau,Sanjorge Jr","Rufus Drymiau,Sten Sanjorge Jr",2,Rufus Drymiau,Sanjorge Jr,,,
447.txt,20090308,"Karel took over POK leadership from Henk Bodrogi, whose ill health forced him down from the position.","leadership,health,position","Elian Karel,Henk Bodrogi","Karel,Henk Bodrogi",2,Elian Karel,Henk Bodrogi,,,
448.txt,19980321,"The two founders - Hank Fluss and Sten Sanjorge Sr.- found more profitable unreliable drilling to be, and started this way with a range environment calamities and financial scandals which Sanjorge Sr. eventual in an early sepulchre in and Fluss in a marginal role in its own company.","founder,drilling,way,range,environment,calamity,scandal,sepulchre,role,company","Hank Fluss,Sanjorge Sr,Sanjorge Sr,Hank Fluss","Hank Fluss,Sten Sanjorge Sr,Sanjorge Sr,Hank Fluss",4,Hank Fluss,Sanjorge Sr,Sanjorge Sr,Hank Fluss,
450.txt,20140120,"Uneasy throughout the call, Ms. Lagos repeated that Orhan Strum was unavailable at this time, said good bye and hung up.","call,time","Linda Lagos,Orhan Strum","Linda Lagos,Orhan Strum",2,Linda Lagos,Orhan Strum,,,
450.txt,20140120,"Linda Lagos the assistant to Mr. Strum declined to answer any further questions about the incident, whether or not there was a fire, a false alarm, a bomb threat, or whether or not anyone is missing.","assistant,question,incident,fire,alarm,bomb,threat","Linda Lagos,Orhan Strum","Linda Lagos,Orhan Strum",2,Linda Lagos,Orhan Strum,,,
450.txt,20140120,"A hesitant administrative assistant to Orhan Strum, Chief Operating Officer of GAStech claimed Mr. Strum was unavailable.",assistant,"Orhan Strum,Orhan Strum","Orhan Strum,Orhan Strum",2,Orhan Strum,,,,
454.txt,20090621,"Following the unexpected death of Elian Karel, Silvia Marek has taken over the leadership role of the Protectors of Kronos.","death,leadership,role","Elian Karel,Silvia Marek","Elian Karel,Silvia Marek",2,Elian Karel,Silvia Marek,,,
460.txt,20140121,"The disclosed disappear include: President and CEO Sten Sanjorge Jr, CFO Ingrid Barranco, Ada Campo-Corrente, COO Orhan Strum, and environmental official Willem Vasco-Pais.","disappear,official","Sanjorge Jr,Ingrid Barranco,Ada Campo-Corrente,Orhan Strum,Willem Vasco-Pais","Sten Sanjorge Jr,Ingrid Barranco,Ada Campo-Corrente,Orhan Strum,Willem Vasco-Pais",5,Sanjorge Jr,Ingrid Barranco,Ada Campo-Corrente,Orhan Strum,Willem Vasco-Pais
468.txt,19990707,"Thanks to Minister Nespola no more children will have to die.""

Osvaldo refers to Juliana Vann, a 10-year old girl who died last year from leukemia due to with benzene poisoning from gas drilling operations upstream from her home.","thank,child,year,girl,year,leukemia,benzene,poisoning,gas,drilling,operation,home","Cesare Nespola,Carmine Osvaldo,Juliana Vann","Nespola,Osvaldo,Juliana Vann",3,Cesare Nespola,Carmine Osvaldo,Juliana Vann,,
478.txt,19940218,"Sanjorge, Mr. is survived by its wife Ingrid Sanjorge and son Sten Sanjorge Jr.

""A great light in this world has been extinguished, he still throws a shade yet,"" said Sanjorge Jr, ""that I make vote lead to our company advanced with a renewed vision and a dignity that honor the life of my father and work.""","wife,son,light,world,shade,vote,company,vision,dignity,life,father,work","Ingrid Barranco,Sanjorge Jr,Sanjorge Sr","Sanjorge,Ingrid Barranco,Sten Sanjorge Jr,Sanjorge Jr",4,Ingrid Barranco,Sanjorge Jr,Sanjorge Sr,,
493.txt,20030519,"The Sanjorge spent 40 years with GAStech, befriending Hank Fluss in 1963 in which both began towards outside in his the own ones.","year,outside,one","Hank Fluss,Sanjorge Sr","Sanjorge,Hank Fluss",2,Hank Fluss,Sanjorge Sr,,,
493.txt,20030519,"Always a champion of environmental causes, Sanjorge had disillusioned more and more with the operation of GAStech - of Kronos that filtered its relation with the CEO Hank Fluss, Jr.","champion,cause,operation,relation","Hank Fluss,Sanjorge Jr","Sanjorge,Hank Fluss, Jr",3,Hank Fluss,Sanjorge Jr,,,
501.txt,19821004,"You note them in the constant basic image of the helicopters to-ing and of fro-ing outside to the areas moved away, and had aligned them with the airport of the city to make the shuttle of the execs in the two directions of the city.

And while you lead around the centrum, almost each round not is financed by a division of GAStech. 

Sanjorge recently started to pay more attention to the activities of leisures and philanthropy, allowing Sten Jr. and Hank Fluss cofounder to direct the company.","image,helicopter,area,airport,city,shuttle,exec,direction,city,centrum,round,division,attention,activity,leisure,philanthropy,cofounder,company","Sanjorge Jr,Hank Fluss","Sanjorge,Sten Jr,Hank Fluss",3,Sanjorge Jr,Hank Fluss,,,
508.txt,20100620,Marek replaced Elian Karel as the popular figurehead of the POK movement last summer.,"figurehead,movement,summer","Silvia Marek,Elian Karel","Silvia Marek,Elian Karel",2,Silvia Marek,Elian Karel,,,
508.txt,20100620,"POK supporters carried signs with pictures of Karel and Juliana Vann, chanted slogans, and lit candles. 

The peaceful demonstration turned violent when two POK members accosted a man who attempted to enter the building on business.  The POK members hit him with a bottle, which knocked him to the ground and gave him a bloody gash on his forehead.  Abila police attempted to gain control of the situation by using bullhorns to call for the peaceful dispersal of the crowd, but the crowd responded to their calls by hurling insults along with a few rocks at the officers.  Police used tear gas to end the gathering, but a handful of die-hard POK members urged the crowd into melee with the officers.","supporter,sign,picture,slogan,candle,demonstration,member,man,building,business,member,bottle,ground,gash,forehead,police,control,situation,bullhorn,dispersal,crowd,crowd,call,insult,rock,officer,police,gas,gathering,handful,member,crowd,melee,officer","Elian Karel, Juliana Vann","Karel,Juliana Vann",2,Elian Karel,Juliana Vann,,,
520.txt,20120908,The posters with coloured pictures of Elian Karel and Juliana Vann was memories of the heavy toll which is already paid by LEADERs and innocents.,"poster,picture,memory,toll,leader,innocent","Elian Karel,Juliana Vann","Elian Karel,Juliana Vann",2,Elian Karel,Juliana Vann,,,
525.txt,20140120,"shows collective $327.25 millions each executive to the group to that of the recently held shares including $96.25 millions for CFO Ingrid Barranco, CIO Ada campo-Corrente, and COO Orhan Strum deserved","million,executive,group,share,million","Ingrid Barranco,Ada Campo-Corrente,Orhan Strum","Ingrid Barranco,Ada Campo-Corrente,Orhan Strum",3,Ingrid Barranco,Ada Campo-Corrente,Orhan Strum,,
531.txt,19980320,"The two founders - Hank Fluss and Sten Sanjorge Sr. - wild drilling found with being more lucrative, and thus began a series of environmental disasters and scandals financial which ran thereafter  Sanjorge Sr. in a tomb early and led Fluss in a marginal role to its own company.","founder,drilling,series,disaster,scandal,tomb,role,company","Hank Fluss,Sanjorge Sr,Sanjorge Sr,Hank Fluss","Hank Fluss,Sten Sanjorge Sr,Sanjorge Sr,Hank Fluss",4,Hank Fluss,Sanjorge Sr,Sanjorge Sr,Hank Fluss,
538.txt,20130622,"A crowd larger than usual met in front of the building of capitol, undulating of the signs holding the images of Elian Karel and Juliana Vann, which were painted like POK ""martyrdoms"".  Crowd sang about the corruption of government and claimed President Dorel Kapelou to bring back.","crowd,front,building,capitol,sign,image,martyrdom,crowd,corruption,government","Elian Karel,Juliana Vann,Dorel Kapelou","Elian Karel,Juliana Vann,Dorel Kapelou",3,Elian Karel,Juliana Vann,Kapelou II,,
54.txt,20120822,"Karel had been involved with the POK since its inception given that his father, Jeroen Karel, was an original member.","inception,father,member","Elian Karel,Jeroen Karel","Elian Karel,Jeroen Karel",2,Elian Karel,Jeroen Karel,,,
544.txt,20010831,"The protestors, members of the activist group ""Protectors of Kronos"", held signs reading: ""Drilling Poisoned Our Water"" and ""Remember Juliana"", referring to 10 year old Juliana Vann, who has become an icon for the Protectors of Kronos since her death in 1998.","protestor,member,activist,group,sign,water,year,icon,death","Juliana Vann,Juliana Vann","Juliana Vann,Juliana Vann",2,Juliana Vann,,,,
549.txt,20120309,"Letters purported to be from the Protectors of Kronos (POK) have been received by Vincent Kapelou, Minister of Health and nephew of President Kapelou.","letter,nephew","Vincent Kapelou,Kapelou","Vincent Kapelou,Kapelou",2,Vincent Kapelou,Kapelou II,,,
55.txt,20140326,"""You cannot as soon as to rob our money and to think she can obtain to him far with him.""

The posters with colorful images of Elian Karel and Julian Vann were reminders of the heavy toll already paid by the leaders and innocents.","money,poster,image,reminder,toll,leader,innocent","Elian Karel,Julian Vann","Elian Karel,Julian Vann",2,Elian Karel,Juliana Vann,,,
559.txt,20131216,As for the particulars of the filing: Sanjorge Jr.'s 51% stake in the company is worth $1.96 billion; Beatriz Fluss' (widow of company co-founder Hank Fluss) 33% stake is worth $1.27 billion.,"particular,filing,%,stake,company,widow,company,co,-,founder,%,stake","Sanjorge Jr,Beatriz Fluss,Hank Fluss","Sanjorge Jr,Beatriz Fluss,Hank Fluss",3,Sanjorge Jr,Beatriz Fluss,Hank Fluss,,
559.txt,20131216,"The filings show that the GAStech - Kronos executives earned a collective $327.25 million from the newly vested shares including $96.25 million each for CFO Ingrid Barranco, CIO Ada Campo-Corrente, and COO Orhan Strum.","filing,executive,share","Ingrid Barranco,Ada Campo-Corrente,Orhan Strum","Ingrid Barranco,Ada Campo-Corrente,Orhan Strum",3,Ingrid Barranco,Ada Campo-Corrente,Orhan Strum,,
560.txt,20090517,"With international president and CEO Sten Sanjorge Jr. of GAStech and a large brass band, the new logo of the company indicated, part of the process rebranding of the company. 

During the press conference, Sten Sanjorge Jr. said the new logo - a non luminous flame of tripartite which is reminiscent of a sheet ""to help the GAStech position and its products like clean fuel alternative.""","president,brass,band,logo,company,part,process,rebranding,company,press,conference,logo,flame,tripartite,sheet,position,product,fuel,alternative","Sanjorge Jr,Sanjorge Jr","Sten Sanjorge Jr,Sten Sanjorge Jr",2,Sanjorge Jr,,,,
566.txt,20090812,When the official coroners report was released last month about the death of POK leader Elian Karel there was no mention of the wounds observed on Karels body by eyewitnesses.,"coroners,report,month,death,leader,mention,wound,body,eyewitness","Elian Karel,","Elian Karel,Karels",2,Elian Karel,,,,
569.txt,20140120,"Kronos Star reporters covering the reception at the capitol report having seen GAStech President and CEO, Sten Sanjorge Jr., but they have not seen Ingrid Barranco, Ada Campo-Corrente, Orhan Strum, or Willem Vasco-Pais.","reporter,reception,capitol","Sanjorge Jr,Ingrid Barranco,Ada Campo-Corrente,Orhan Strum,Willem Vasco-Pais","Sten Sanjorge Jr,Ingrid Barranco,Ada Campo-Corrente,Orhan Strum,Willem Vasco-Pais",5,Sanjorge Jr,Ingrid Barranco,Ada Campo-Corrente,Orhan Strum,Willem Vasco-Pais
570.txt,20120620,"""Today we gather to remember Elian Karel,"" Silvia Marek told the rapt assembly, many of whom held up white candles in Karel's honor.","today,assembly,candle,honor","Elian Karel,Silvia Marek","Elian Karel,Silvia Marek,Karel",3,Elian Karel,Silvia Marek,,,
570.txt,20120620,"By the time Elian was 17 many of his family members and friends were battling constant illness, including his neighbor 10

""Today we gather to remember Elian Karel,"" Silvia Marek told the rapt assembly, many of whom held up white candles in Karel's honor.","time,family,member,friend,illness,neighbor,today,assembly,candle,honor","Elian Karel,Elian Karel,Silvia Marek","Elian Karel,Elian Karel,Silvia Marek,Karel",4,Elian Karel,,Silvia Marek,,
570.txt,20120620,"By the time Elian was 17 many of his family members and friends were battling constant illness, including his neighbor 10-year old Juliana Vann.""","time,family,member,friend,illness,neighbor,year","Elian Karel,Juliana Vann","Elian Karel,Juliana Vann",2,Elian Karel,Juliana Vann,,,
572.txt,20120622,"""We collected today to remember Elian Karel,"" Silvia Marek we said the assembly of rapt, many of whom supported the white candles in the honor of Karel.","today,assembly,candle,honor","Elian Karel,Silvia Marek","Elian Karel,Silvia Marek,Karel",3,Elian Karel,Silvia Marek,,,
572.txt,20120622,"He had watched his father, to Jeroen and founder of the POK, long walk of Henk Bodrogi the same trajectory that he would be above.  Elian knew that the course would not be easy, and that it would leave just a short time by a personal life.","father,founder,walk,trajectory,course,time,life","Jeroen Karel,Henk Bodrogi,Elian Karel","Jeroen Karel,Henk Bodrogi,Elian Karel",3,Jeroen Karel,Henk Bodrogi,Elian Karel,,
581.txt,20100622,"Chanted the defenders behave signs POK with pictures of Karel and Juliana Vann, slogans, and strike candles to.","defender,sign,picture,slogan,candle","Elian Karel,Juliana Vann",POK,3,Elian Karel,Juliana Vann,,,
581.txt,20100622,Marek replaced Elian Karel as popular figurehead of the movement POK the previous summer.,"figurehead,movement,summer","Silvia Marek,Elian Karel","Silvia Marek,Elian Karel",2,Silvia Marek,Elian Karel,,,
584.txt,20120308,"Kapelou, 39, were appointed in the position of minister of health in 2001, after the death of Cesare Nespola.","position,minister,health,death","Kapelou,Cesare Nespola","Kapelou,Cesare Nespola",2,Kapelou II,Cesare Nespola,,,
587.txt,20030517,"Hank Fluss is survived by his wife of 54 years, Beatriz Fluss, his 5 children, and 12 grandchildren.","wife,year,child,grandchild","Hank Fluss,Beatriz Fluss","Hank Fluss,Beatriz Fluss",2,Hank Fluss,Beatriz Fluss,,,
587.txt,20030517,"Hank Fluss spent 40 years with GAStech, befriending Sten Sanjorge, Sr. in 1963 when the two started out on their own.",year,"Hank Fluss,Sanjorge Sr","Hank Fluss,Sten Sanjorge, Sr",3,Hank Fluss,Sanjorge Sr,,,
589.txt,20140119,"The local executives Ingrid Barranco, Ada Campo-Corrente, Orhan Strum, and Willem Vasco-Pais will be used a reception with civils servant as government following tomorrow a meeting of businesses to their construction of registered offices.","executive,reception,servant,government,following,tomorrow,meeting,business,construction,office","Ingrid Barranco,Ada Campo-Corrente,Orhan Strum,Willem Vasco-Pais","Ingrid Barranco,Ada Campo-Corrente,Orhan Strum,Willem Vasco-Pais",4,Ingrid Barranco,Ada Campo-Corrente,Orhan Strum,Willem Vasco-Pais,
589.txt,20140119,"The spokesman Rufus Drymiau of government informed to hold it the first role that Sten Sanjorge Jr., the president and CEO of GAStech, travelled of Tethys to attend the events.","spokesman,government,role,president,event","Rufus Drymiau,Sanjorge Jr","Rufus Drymiau,Sten Sanjorge Jr",2,Rufus Drymiau,Sanjorge Jr,,,
59.txt,20030518,"Hank Fluss is survived by his wife of 54 years, Beatriz Fluss, his 5 children, and 12 grandchildren.","wife,year,child,grandchild","Hank Fluss,Beatriz Fluss","Hank Fluss,Beatriz Fluss",2,Hank Fluss,Beatriz Fluss,,,
59.txt,20030518,"Hank Fluss spent 40 years with GAStech, befriending Sten Sanjorge, Sr.",year,"Hank Fluss,Sanjorge Sr","Hank Fluss,Sten Sanjorge, Sr",3,Hank Fluss,Sanjorge Sr,,,
593.txt,20010901,"The protesters, members of the activist group ""guards of Kronos"", held reading of signs: ""Drilling poisoned our water"" and ""to remember Juliana"", referring to 10 years Juliana Vann, which became an icon for the guards of Kronos since his death in 1998.","protester,member,activist,group,guard,sign,drilling,water,year,icon,guard,death","Juliana Vann,Juliana Vann","Juliana Vann,Juliana Vann",2,Juliana Vann,,,,
610.txt,20120310,"ABILA, Kronos - letters claimed to be from guards of Kronos (POK) were received by Vincent Kapelou, minister of health and nephew of President Kapelou.","letter,guard,minister,health,nephew","Vincent Kapelou,Kapelou","Vincent Kapelou,Kapelou",2,Vincent Kapelou,Kapelou II,,,
612.txt,19990708,"Osvaldo invoked the memory of Juliana Vann, a 10-year old girl who died last year from leukemia due to with benzene poisoning from gas drilling operations upstream from her home.","memory,year,girl,year,leukemia,benzene,poisoning,gas,drilling,operation,home","Carmine Osvaldo,Juliana Vann","Osvaldo,Juliana Vann",2,Carmine Osvaldo,Juliana Vann,,,
614.txt,20140119,"Tthe local GAStech executives Ingrid Barranco,  Ada Campo-Corren, Orhan Strum, and Willem Vasco-Pais will attend a reception with the officials of the government who tomorrow follow a business meeting in their construction of the headquarters.","executive,reception,official,government,tomorrow,business,meeting,construction,headquarters","Ingrid Barranco,Ada Campo-Corrente,Orhan Strum,Willem Vasco-Pais","Ingrid Barranco,Ada Campo-Corrente,Orhan Strum,Willem Vasco-Pais",4,Ingrid Barranco,Ada Campo-Corrente,Orhan Strum,Willem Vasco-Pais,
620.txt,20100622,"The defenders of POK carried signs with images of Karel and of Juliana Vann, slogans sang, and lit candles.","defender,sign,image,slogan,candle","Elian Karel, Juliana Vann","Karel,Juliana Vann",2,Elian Karel,Juliana Vann,,,
620.txt,20100622,Marek replaced Elian Karel as popular figurehead of the movement of POK the last summer.,"figurehead,movement,summer","Silvia Marek,Elian Karel","Silvia Marek,Elian Karel",2,Silvia Marek,Elian Karel,,,
626.txt,20000815,"At least four GAStech employees appeared to have been taken away by ambulance; however, GAStech has declined to comment on the extent and nature of their injuries.  

GAStech's CEO Sten Sanjorge Jr. downplayed the event stating, ""This event could hardly be described as an explosion,"" but merely a common practice referred to as flaring.  

Mrs. Cato and other locals from Elodis were turned away by GAStech employees and government officials.","employee,ambulance,extent,nature,injury,event,event,explosion,practice,flaring,local,employee,government,official","Sanjorge Jr,Rebecca Cato","Sten Sanjorge Jr,Cato",2,Sanjorge Jr,Rebecca Cato,,,
638.txt,19821002,"Sanjorge has recently started paying more attention to leisure activities and philanthropy, allowing his son Sten Jr. and co-founder Hank Fluss to run the company.","attention,leisure,activity,philanthropy,son,co,-,founder,company","Sanjorge Jr,Hank Fluss","Sanjorge,Sten Jr,Hank Fluss",3,Sanjorge Jr,Hank Fluss,,,
642.txt,20140120,"A titubante administrative assistant to the Orhan Strum, official of main operation of GAStech has exact the Mr. Strum was not available.","assistant,official,operation","Orhan Strum,Orhan Strum","Orhan Strum,Orhan Strum",2,Orhan Strum,,,,
642.txt,20140120,"Linda Lagos that the assistant to the Mr. Strum has refused to answer to new question approximately the event, if or not there were a fire, a false alarm, a threat of the bomb, or if or anyone does not lack.","assistant,question,event,fire,alarm,threat,bomb","Linda Lagos,Orhan Strum","Linda Lagos,Orhan Strum",2,Linda Lagos,Orhan Strum,,,
662.txt,20120622,"""Today we meet to point out Elian Karel to us,"" Silvia Marek said the enthusiastically, much which delayed the white candles in the honor of Karel.","today,candle,honor","Elian Karel,Silvia Marek","Elian Karel,Silvia Marek,Karel",3,Elian Karel,Silvia Marek,,,
662.txt,20120622,"He grew with the spectrum of dead all around him.   Before Elian was 17 several of its members of family and the friends fought the constant disease, including its neighbor 10 years - old Juliana Vann. "" 

Marek made a pause one moment to allow the cries of ""remember Juliana!"" to fade.","spectrum,member,family,friend,disease,neighbor,year,pause,moment,cry","Elian Karel,Juliana Vann,Silvia Marek","Elian Karel,Juliana Vann,Silvia Marek,Juliana",4,Elian Karel,Juliana Vann,Silvia Marek,,
662.txt,20120622,"It had observed his father, Jeroen and the founder of the POK, walk of Henk Bodrogi the way even as it would go.","father,founder,way","Jeroen Karel,Henk Bodrogi","Jeroen Karel,Henk Bodrogi",2,Jeroen Karel,Henk Bodrogi,,,
668.txt,20010615,"Shortly after learning the death of Nespola, president Kapelou to that its cousin Vincent Kapelou announced as a new minister of its policy of health would serve.","death,cousin,minister,policy,health","Cesare Nespola,Kapelou,Vincent Kapelou","Nespola,Kapelou,Vincent Kapelou",3,Cesare Nespola,Kapelou II,Vincent Kapelou,,
670.txt,20100622,Marek replaced Elian Karel like figurehead popular of the POK movement the last summer.,"figurehead,movement,summer","Silvia Marek,Elian Karel","Silvia Marek,Elian Karel",2,Silvia Marek,Elian Karel,,,
679.txt,20140120,"The limaduras of IPO demonstrate that the executive group gained $327,25 million collective of the parts granted including $96,25 million by each one for the rasgueo of CFO Ingrid Barranco, Ada Campo-Corrente, and Orhan Strum of the COO.","limadura,ipo,group,collective,part,rasgueo","Ingrid Barranco,Ada Campo-Corrente,Orhan Strum","Ingrid Barranco,Ada Campo-Corrente,Orhan Strum",3,Ingrid Barranco,Ada Campo-Corrente,Orhan Strum,,
686.txt,20030519,"Hank Fluss are survived by its woman of 54 years, Beatriz Fluss,  5 children, and 12 children.","woman,year,child,child","Hank Fluss,Beatriz Fluss","Hank Fluss,Beatriz Fluss",2,Hank Fluss,Beatriz Fluss,,,
686.txt,20030519,"Hank Fluss brought 40 years which with befriending GAStech co-founder Sten Sanjorge, SR in 1963.","year,co,-,founder","Hank Fluss,Sanjorge Sr","Hank Fluss,Sten Sanjorge",2,Hank Fluss,Sanjorge Sr,,,
69.txt,19980319,"The two founders - Sten Sanjorge Sr and Hank Fluss - found wildcat drilling to be more lucrative, and thus began a series of environmental disasters and financial scandals that eventually ran Sanjorge Sr into an early grave and drove Fluss into a marginal role in his own company.","founder,wildcat,drilling,series,disaster,scandal,grave,role,company","Sanjorge Sr,Hank Fluss,Sanjorge Sr,Hank Fluss","Sten Sanjorge Sr,Hank Fluss,Sanjorge Sr,Hank Fluss",4,Sanjorge Sr,Hank Fluss,Sanjorge Sr,Hank Fluss,
698.txt,20120620,"By the time Elian was 17 many of his family members and friends were battling constant illness, including his neighbor 10-year old Juliana Vann.""","time,family,member,friend,illness,neighbor,year","Elian Karel,Juliana Vann","Elian Karel,Juliana Vann",2,Elian Karel,Juliana Vann,,,
698.txt,20120620,"He had watched his father, Jeroen and the founder of the POK, Henk Bodrogi, walk the very path he would tread.","father,founder,path","Jeroen Karel,Henk Bodrogi","Jeroen Karel,Henk Bodrogi",2,Jeroen Karel,Henk Bodrogi,,,
698.txt,20120620,"""Today we gather to remember Elian Karel,"" Silvia Marek told the rapt assembly, many of whom held up white candles in Karel's honor. 

""Elian was born on an Elodis farm not 40 minutes from here, to Jeroen and Antaura Karel.","today,assembly,candle,honor,farm,minute","Elian Karel,Silvia Marek,Elian Elian Karel,Jeroen Karel,Antaura Karel","Elian Karel,Silvia Marek,Karel,Elian Elian Karel,Jeroen Karel,Antaura Karel",6,Elian Karel,Silvia Marek,Elian Karel,Jeroen Karel,Antaura Karel
704.txt,20140119,We look forward to us hearing what president Kapelou II and CEO Sten Sanjorge Jr. one has come concerning how must say these unholy alliance to the citizens of Kronos at good.,"alliance,citizen","Kapelou II,Sanjorge Jr","Kapelou II,Sten Sanjorge Jr",2,Kapelou II,Sanjorge Jr,,,
709.txt,20120823,"Karel implied with POK since its commencement its father had been seen, Jeroen Karel, an original member was.","commencement,father,member","Elian Karel,Jeroen Karel","Elian Karel,Jeroen Karel",2,Elian Karel,Jeroen Karel,,,
713.txt,20140120,"The IPO filings show that the executive group earned a collective $327.25 million from the newly vested shares including $96.25 million each for CFO Ingrid Barranco, CIO Ada Campo-Corrente, and COO Orhan Strum.","ipo,filing,group,share","Ingrid Barranco,Ada Campo-Corrente,Orhan Strum","Ingrid Barranco,Ada Campo-Corrente,Orhan Strum",3,Ingrid Barranco,Ada Campo-Corrente,Orhan Strum,,
735.txt,20090309,"Karel ensured the control of POK of Henk Bodrogi, whose bad health forced to the bottom of the position.","control,health,bottom,position","Elian Karel,Henk Bodrogi","Karel,Henk Bodrogi",2,Elian Karel,Henk Bodrogi,,,
74.txt,20120824,"Karel had been implied POK since its beginning since his/her father, Jeroen Karel, were an original member.","beginning,father,member","Elian Karel,Jeroen Karel","Elian Karel,Jeroen Karel",2,Elian Karel,Jeroen Karel,,,
740.txt,19990709,"Thanks to minister Nespola no longer children must die.

Osvaldo refer to Juliana Vann, 10 years - old little girl that previous year to leukemia boring perationsverrichtingen upstream of its house to attribute to with benzene poisoning of gas died.","thank,child,year,girl,year,leukemia,perationsverrichtingen,house,benzene,poisoning,gas","Cesare Nespola,Carmine Osvaldo,Juliana Vann","Nespola,Osvaldo,Juliana Vann",3,Cesare Nespola,Carmine Osvaldo,Juliana Vann,,
741.txt,19980427,"It is obvious that it [Sanjorge] does not have any interest for the wellbeing of the residents of Elodis, or environment.""

Sten Sanjorge Jr., which had inherited its share to the company of his father in 1990, had developed a reputation for pitiless procedures of management.

""When we did not make progress with GAStech,"" Reynolds continued, ""the chiefs of the community decided to approach the government of Kronos for the assistance.","interest,wellbeing,resident,environment,share,company,father,reputation,procedure,management,progress,chief,community,government,assistance","Sanjorge Jr,Joclyn Reynolds","Sten Sanjorge Jr,Joclyn Reynolds",2,Sanjorge Jr,Joclyn Reynolds,,,
743.txt,20090307,"Karel took over POK leadership from Henk Bodrogi, whose ill health forced him down from the position.","leadership,health,position","Elian Karel,Henk Bodrogi","Karel,Henk Bodrogi",2,Elian Karel,Henk Bodrogi,,,
745.txt,20090621,"A unifying theme of the protesters was the chanted slogans including ""Justice for Elian"" in reference to previously mentioned activist Elian Karel and ""Remember Juliana"", a young girl from Elodis who died in 1998 allegedly from the effects of water contamination.","theme,protester,slogan,justice,reference,activist,girl,effect,water,contamination","Elian Karel,Juliana Vann","Elian Karel,Elian Karel,Juliana",3,Elian Karel,Juliana Vann,,,
746.txt,20010615,"ABILA, Kronos - It is with great sorrow that we announce the death of Minister of Health Cesare Nespola.","sorrow,death","Abila,Cesare Nespola","Abila,Cesare Nespola",2,Abila,Cesare Nespola,,,
746.txt,20010615,"Shortly after hearing of Nespola's death, President Kapelou announced that his nephew Vincent Kapelou would serve as his administration's new Minister of Health.","death,nephew,administration","Cesare Nespola,Kapelou,Vincent Kapelou","Nespola,Kapelou,Vincent Kapelou",3,Cesare Nespola,Kapelou II,Vincent Kapelou,,
753.txt,20120908,Posters with colorful images of Elian Karel and Juliana Vann were reminders of the heavy toll already paid by leaders and innocents.,"poster,image,reminder,toll,leader,innocent","Elian Karel,Juliana Vann","Elian Karel,Juliana Vann",2,Elian Karel,Juliana Vann,,,
767.txt,20100621,"POK supporters carried signs with pictures of Karel and Juliana Vann, chanted slogans, and lit candles.  

The peaceful demonstration turned violent when two POK members accosted a man who attempted to enter the building on business.  The POK members hit him with a bottle, which knocked him to the ground and gave him a bloody gash on his forehead.  Abila police attempted to gain control of the situation by using bullhorns to call for the peaceful dispersal of the crowd, but the crowd responded to their calls by hurling insults along with a few rocks at the officers.  Police used tear gas to end the gathering, but a handful of die-hard POK members urged the crowd into melee with the officers.","supporter,sign,picture,slogan,candle,demonstration,member,man,building,business,member,bottle,ground,gash,forehead,police,control,situation,bullhorn,dispersal,crowd,crowd,call,insult,rock,officer,police,gas,gathering,handful,member,crowd,melee,officer","Elian Karel, Juliana Vann","Karel,Juliana Vann",2,Elian Karel,Juliana Vann,,,
767.txt,20100621,Marek replaced Elian Karel as the popular figurehead of the POK movement last summer.,"figurehead,movement,summer","Silvia Marek,Elian Karel","Silvia Marek,Elian Karel",2,Silvia Marek,Elian Karel,,,
77.txt,20110621,"As reported at the time of Karel's death, several people close to the investigation reported that Karel's body showed signs of blunt force trauma, abrasions and lacerations which were not consistent with the cause of death reported by the police. 

Police have denied anything unusual happened in Karel's death and city officials claim the accusations of murder and wrongful death are asserted by POK rabble-rousers attempting to incite instability and violence. 

Yesterday on the morning of June 19th, a small group of POK supporters gathered in front of the Abila Police Station, holding photographs of Elian, and of another young martyr, Juliana Vann, the ten-year old girl who died in 1998 from cancer caused by benzene toxins in her drinking water.   

""Both of them died because of government lies and corruption,"" one man told me who asked that his name be withheld because of concerns of police retaliation.","time,death,people,investigation,body,sign,force,trauma,abrasion,laceration,cause,death,police,police,death,city,official,accusation,murder,death,rabble,rouser,instability,violence,yesterday,19th,group,supporter,front,photograph,martyr,year,girl,cancer,benzene,toxin,drinking,water,government,lie,corruption,man,name,concern,police,retaliation","Elian Karel,Juliana Vann","Karel,Karel,Karel,Elian Karel,Juliana Vann",5,Elian Karel,Juliana Vann,,,
780.txt,20010615,"Little time after intending to speak about dead about Nespola, President Kapelou announced that its nephew Vincent Kapelou would again serve minister of his administration of health.","time,nephew,minister,administration,health","Cesare Nespola,Kapelou,Vincent Kapelou","Nespola,Kapelou,Vincent Kapelou",3,Cesare Nespola,Kapelou II,Vincent Kapelou,,
787.txt,20140121,"Fourteen employees, including possibly five executive officers, are feared kidnapped yesterday by the ""Protectors of Kronos"".  Reported missing includes: GAStech President and CEO Sten Sanjorge Jr, CFO Ingrid Barranco, CIO Ada Campo-Corrente, COO Orhan Strum, and Environmental Officer Willem Vasco-Pais.","employee,officer,yesterday","Sanjorge Jr,Ingrid Barranco,Ada Campo-Corrente,Orhan Strum,Willem Vasco-Pais","Sten Sanjorge Jr,Ingrid Barranco,Ada Campo-Corrente,Orhan Strum,Willem Vasco-Pais",5,Sanjorge Jr,Ingrid Barranco,Ada Campo-Corrente,Orhan Strum,Willem Vasco-Pais
790.txt,20140120,"In attempt to find out what is going on, we have called the office of Orhan Strum, the GSAtech Chief Operating Officer.  His administrator answered the phone and informed us that Mr. Strum is unavailable.  We will continue calling GAStech until we reach someone who can inform us on the situation.","attempt,office,administrator,phone,situation","Orhan Strum,Orhan Strum","Orhan Strum,Orhan Strum",2,Orhan Strum,,,,
799.txt,20110622,"The police force has denied uncommon no matter what in death happened of Karel and the town civil servants require the charges of assassination and the unlawful dead by POK rabble-rousers trying instability and recall violence are claimed.

Yesterday on the morning of 19 June, collected a small group itself defenders POK for the mail of the police force Abila, photograph of Elian, and of another young martyr, Juliana Vann, ten years - old little girl that in 1998, to cancer which by benzene toxin is caused in its drinking water died.","police,force,death,town,servant,charge,assassination,dead,rabble,rouser,instability,violence,yesterday,group,mail,police,force,photograph,martyr,year,girl,cancer,benzene,toxin,drinking,water","Elian Karel,Juliana Vann","Karel,Elian Karel,Juliana Vann",3,Elian Karel,Juliana Vann,,,
801.txt,20090621,"An uniting topic of protesters was chanted slogans including justice for Elian in reference to activist Elian Karel earlier mentioned and reminds Juliana, a young little girl of Elodis who died according to reports in 1998, to the impact of water pollution.","topic,protester,slogan,including,justice,reference,activist,girl,report,impact,water,pollution","Elian Karel,Juliana Vann,","Elian Karel,Elian Karel,Juliana Vann,Elodis",4,Elian Karel,Juliana Vann,,,
827.txt,20140120,"930 - approximately 1000 that the morning reunion will conclude and CEO Sten Sanjorge, to the Jr. and to the executive group - Ingrid Barranco, Ada Campo-Corrente, Orhan Strum, and Willem Vasco-Pais - they will continue to one sponsored reception government of Kronos.","morning,reunion,group,reception,government","Sanjorge Sr,Ingrid Barranco,Ada Campo-Corrente,Orhan Strum,Willem Vasco-Pais","Sten Sanjorge,Ingrid Barranco,Ada Campo-Corrente,Orhan Strum,Willem Vasco-Pais",5,Sanjorge Sr,Ingrid Barranco,Ada Campo-Corrente,Orhan Strum,Willem Vasco-Pais
834.txt,20140120,"At roughly 1000 the morning meeting will end and CEO Sten Sanjorge, Jr. and the executive group - Ingrid Barranco, Ada Campo-Corrente, Orhan Strum, and Willem Vasco-Pais - will proceed to a Kronos Government sponsored reception.","morning,meeting,group,reception","Sanjorge Jr,Ingrid Barranco,Ada Campo-Corrente,Orhan Strum,Willem Vasco-Pais","Sten Sanjorge, Jr,Ingrid Barranco,Ada Campo-Corrente,Orhan Strum,Willem Vasco-Pais",6,Sanjorge Jr,Ingrid Barranco,Ada Campo-Corrente,Orhan Strum,Willem Vasco-Pais
86.txt,20131216,"The filings show that the GAStech - Kronos executives earned a collective $327.25 million from the newly vested shares including $96.25 million each for CFO Ingrid Barranco, CIO Ada Campo-Corrente, and COO Orhan Strum.","filing,executive,share","Ingrid Barranco,Ada Campo-Corrente,Orhan Strum","Ingrid Barranco,Ada Campo-Corrente,Orhan Strum",3,Ingrid Barranco,Ada Campo-Corrente,Orhan Strum,,
