medio,persona,count,polaridad,subjetividad
Homeland Illumination,Karel,34,2.6373148148148147,13.155462962962964
The World,Sanjorge,11,2.4594276094276095,4.216919191919192
International Times,Sanjorge,6,2.272222222222222,2.825
The General Post,Sanjorge Jr,8,2.0476443001443,3.954184704184704
The General Post,Sanjorge,11,2.025757575757576,3.7069696969696966
World Source,Sanjorge,2,1.9,1.3
The Guide,Kapelou,13,1.7515151515151517,3.6494949494949496
The Orb,Karel,20,1.6349816849816852,7.040613553113554
International Times,Karel,5,1.6183333333333332,2.527916666666667
World Source,Karel,5,1.6183333333333332,2.527916666666667
World Journal,Sanjorge,5,1.6,2.511904761904762
The World,Sten Sanjorge,13,1.574469696969697,3.400454545454545
World Journal,Sten Sanjorge,6,1.5731310356310357,2.9102237048665622
Kronos Star,Araullo,8,1.559090909090909,3.1178030303030306
Worldwise,Kapelou,13,1.3467857142857143,5.776904761904762
Kronos Star,Sten Sanjorge Jr.,7,1.2565656565656567,1.7098484848484847
The Orb,Bodrogi,6,1.2066233766233767,1.9096969696969697
Homeland Illumination,Bodrogi,6,1.2,2.35
The Truth,Kapelou,13,1.1824675324675322,2.8280663780663775
All News Today,Karel,16,1.1625000000000003,5.65
The Tulip,Sanjorge,11,1.157142857142857,3.2476190476190476
Kronos Star,Kapelou,14,1.1515151515151514,2.7994949494949495
The Continent,Sten Sanjorge,5,1.1415974765974766,2.7472872497872496
Athena Speaks,Dorel Kapelou II,3,1.1363636363636362,1.4545454545454546
The Truth,Sten Sanjorge Jr.,4,1.116883116883117,1.2943722943722944
The Wrap,Reese,6,1.0583333333333331,1.6166666666666667
The Explainer,Elian Karel,7,1.05,2.9
The Tulip,Sten Sanjorge,9,1.0488095238095239,2.6476190476190475
The Explainer,Dorel Kapelou II,3,1.0265151515151514,2.268939393939394
World Journal,Karel,3,1.0055555555555555,2.0166666666666666
The Continent,Wellness,1,1.0,1.0
Worldwise,Cesare Nespola,5,0.9916666666666667,1.95625
News Desk,Elian Karel,6,0.9874999999999999,2.5
The World," Jr.",10,0.9539730639730639,2.487070707070707
Athena Speaks,Danisliau,4,0.95,1.3333333333333333
The Continent,Sanjorge,3,0.9483405483405484,2.043813131313131
Daily Pegasus,Bodrogi,5,0.9340909090909092,1.546969696969697
Kronos Star,Cesare Nespola,5,0.9222222222222223,1.025
The Tulip,Fluss,5,0.9083333333333333,1.65
The Guide,Sten Sanjorge Jr,3,0.9037878787878788,1.1098484848484849
All News Today,Elian,11,0.9036458333333333,4.318402777777777
International Times,Sten Sanjorge Jr.,1,0.9,1.0
The Continent,Jr.,1,0.9,1.0
World Journal,Jr.,1,0.9,1.0
The Tulip," Jr.",10,0.8904761904761904,3.4476190476190474
News Online Today,Elian Karel,17,0.8644444444444443,5.348888888888888
The Continent,Karel,4,0.8309027777777778,1.788888888888889
News Online Today,ABILA,1,0.8,0.75
The Guide,Cesare Nespola,2,0.8,0.75
News Online Today,Silvia Marek,4,0.7708333333333333,1.425
The Light of Truth,Sanjorge Jr.,5,0.7705555555555555,2.1219444444444444
The General Post,Sten Sanjorge Jr.,2,0.7674242424242425,0.9844696969696969
Homeland Illumination,Kraft,3,0.75,1.6
The Abila Post,Orhan Strum,4,0.7363636363636363,1.4545454545454546
Daily Pegasus,Charley Normand de Elodis,1,0.7333333333333333,0.9666666666666667
News Online Today,Cesare Nespola,7,0.7270833333333334,1.7493055555555554
News Online Today,Araullo,4,0.7267045454545454,1.6035984848484848
News Online Today,Sten Sanjorge,11,0.7047555096418734,2.9060248589794044
Everyday News,Dorel Kapelou II,1,0.7,0.9
The Abila Post,Lagos,1,0.7,0.6000000000000001
The Truth,Abila,1,0.7,0.8
The Wrap,Kapelou II,1,0.7,0.6000000000000001
The Wrap,Sten Sanjorge Jr.,1,0.7,0.6000000000000001
International News,Araullo,3,0.6867424242424243,1.3738636363636363
Central Bulletin,Elian Karel,5,0.6756944444444444,1.9555555555555557
The Abila Post,Elian Karel,5,0.6756944444444444,1.9555555555555557
Athena Speaks,Elan Carol,4,0.6666666666666666,1.6166666666666667
The General Post,Hank Fluss,2,0.6666666666666666,0.8833333333333333
The World,"",2,0.6541666666666668,1.025
Kronos Star,Carman,4,0.65,1.0374999999999999
The Truth,Araullo,7,0.6376731601731601,2.7685533910533913
The Guide,Sarto,4,0.6266666666666667,1.1916666666666667
The Wrap,Karel,25,0.6251984126984127,7.76626984126984
Who What News,Sanjorge,5,0.6208333333333335,1.6916666666666664
The World,Ingrid Sanjorge,1,0.6000000000000001,0.725
The World,Sten,2,0.6000000000000001,0.725
Homeland Illumination,Charley Normand,1,0.6,1.0
World Source,Elian Karel,3,0.6,1.6333333333333333
The Light of Truth,Sanjorge,8,0.5939393939393939,2.5360479797979796
The Wrap,Elian,12,0.579861111111111,4.076289682539683
The Guide,Elian Karel,7,0.5754761904761905,2.508809523809524
Daily Pegasus,Julian Vann,8,0.5655555555555556,2.655555555555555
Everyday News,Karel,5,0.5618686868686869,1.5888888888888888
News Desk,Abila,3,0.5583333333333333,1.6958333333333333
The World,Hank Fluss,4,0.55,0.65
The Truth,Sarto,4,0.5380952380952381,1.1081349206349207
News Online Today," Jr.",7,0.5360055096418733,1.8641597796143252
The Guide,Araullo,8,0.5345643939393939,2.5767992424242423
The Wrap,Bodrogi,6,0.5333333333333334,1.9333333333333331
All News Today,Carmine Osvaldo,1,0.5333333333333333,0.6500000000000001
The Explainer,Danisliau,4,0.5333333333333333,1.1166666666666667
The General Post,Ingrid Sanjorge,1,0.5333333333333333,0.6833333333333332
The World,"Sanjorge Jr.'s",2,0.5333333333333333,0.7666666666666666
Homeland Illumination,Reese,6,0.532142857142857,1.6047619047619048
Homeland Illumination,Elian,15,0.5319444444444443,4.025
Worldwise,Araullo,8,0.5273268398268398,2.380573593073593
International News,Sten Sanjorge Jr.,3,0.5,0.5
Kronos Star,Tomas Sarto,1,0.5,0.5
News Online Today,Sten Sanjorge Jr.,4,0.5,0.55
Tethys News,Rufus Drymiau,1,0.5,0.8888888888888888
The General Post," Jr.",2,0.5,1.0
The Guide,Sten Sanjorge Je,1,0.5,0.8888888888888888
The Orb,Pondo Reese,3,0.5,0.6500000000000001
The Truth,Tomas Sarto,1,0.5,0.5
World Journal,Rufus Drymiau,1,0.5,0.5
Worldwise,Sten Sanjorge,1,0.5,0.5
World Source,Robert Loblaw,1,0.48750000000000004,0.5
International News,Elian Karel,5,0.4875,1.4125
The Orb,Juliana Vann,9,0.4756944444444444,2.6986111111111115
The Tulip,Sanjorge Jr.,4,0.4748196248196248,2.007467532467533
All News Today,Silvia Marek,2,0.4708333333333333,0.5416666666666667
Homeland Illumination,Silvia Marek,2,0.4708333333333333,0.5416666666666667
News Desk,Juliana,3,0.4708333333333333,1.1333333333333333
The Guide,Julian Vann,3,0.45999999999999996,0.9633333333333334
World Journal,Elian Karel,3,0.4513888888888889,1.4722222222222223
All News Today,Jeroen,2,0.45,0.55
Homeland Illumination,Pondo Reese,3,0.45,0.5
News Desk,Danisliau,4,0.45,0.8333333333333333
The Abila Post,Danisliau,4,0.45,0.8333333333333333
Central Bulletin,Juliana,3,0.4444444444444444,0.8888888888888888
The Abila Post,Juliana,3,0.4444444444444444,0.8888888888888888
Daily Pegasus,Reynolds,3,0.425,0.975
International News,Sanjorge,3,0.425,0.5625
International News,Sarto,2,0.425,0.8125
Kronos Star,Sanjorge,3,0.425,0.5625
Kronos Star,Sarto,2,0.425,0.8125
News Online Today,Sanjorge,3,0.425,0.5625
News Online Today,Sarto,2,0.425,0.8125
The Truth,Sanjorge,3,0.425,0.5625
Worldwise,Sanjorge,3,0.425,0.5625
The Explainer,Julian,3,0.4166666666666667,0.9166666666666665
Daily Pegasus,Silvia Marek,3,0.41666666666666663,0.7583333333333334
Daily Pegasus,Sten Sanjorge,3,0.415,0.835
The Continent,Robert Loblaw,1,0.4083333333333334,0.5
Who What News," Jr.",6,0.4071717171717172,1.214090909090909
Worldwise,Rufus Drymiau,4,0.40595238095238095,1.8853174603174603
All News Today,Kraft,1,0.4,0.8
Athena Speaks,Ravi Danisliau,1,0.4,0.95
Daily Pegasus,Fixes Koppolis,1,0.4,0.5
Everyday News,Elian Karel,2,0.4,1.1333333333333333
Homeland Illumination,Fluss,2,0.4,0.8333333333333333
International Times,Elian Karel,3,0.4,1.1333333333333333
The Orb,Kraft,2,0.4,0.8
Athena Speaks,Rufus Drymiau,3,0.39374999999999993,1.35625
The Wrap,Silvia Marek,3,0.38749999999999996,0.675
Athena Speaks,Jeroen Karel,1,0.375,0.75
Athena Speaks,Karel,1,0.375,0.75
Central Bulletin,Jeroen Karel,1,0.375,0.75
News Desk,Jeroen Karel,1,0.375,0.75
The Abila Post,Jeroen Karel,1,0.375,0.75
The Continent,Petra Hohimae,1,0.375,0.5
The Explainer,Jeroen Karel,1,0.375,0.75
Worldwise,Sten Sanjorge Jr.,3,0.36688311688311687,0.6277056277056277
The Truth,Rufus Drymiau,4,0.3666666666666667,1.1555555555555554
The Tulip,M. Sanjorge Jr.,1,0.3625,0.6375
The Tulip,Noriega,1,0.3625,0.6375
Everyday News,SanJorge,1,0.36,0.95
World Journal,SanJorge,1,0.36,0.95
World Journal,Robert Loblaw,1,0.3583333333333334,0.4666666666666666
All News Today,Koppolis,1,0.35,0.55
Athena Speaks,Elan Karel,1,0.35,0.75
Homeland Illumination,Koppolis,1,0.35,0.55
The Abila Post,"Elian Karel's",2,0.35,0.75
The Guide,Julian,1,0.35,0.75
The General Post,Cato,1,0.3499999999999999,0.4166666666666667
The Wrap,Elodis,4,0.3404761904761905,1.0642857142857143
The Light of Truth,Sten Sanjorge Jr.,7,0.3380194805194805,2.071096681096681
Kronos Star,Elian Karel,7,0.3375,2.6
The Guide,Nespola,7,0.3372294372294372,2.460209235209235
Homeland Illumination,Juliana Vann,10,0.3296428571428571,3.1461111111111113
Who What News,Sten Sanjorge,10,0.3280050505050505,1.514090909090909
The Orb,Silvia Marek,3,0.3277777777777778,0.7472222222222222
News Online Today,Juliana Vann,5,0.32,1.2244444444444444
Central Bulletin,Dorel Kapelou II,3,0.3181818181818182,0.7272727272727273
News Desk,Dorel Kapelou II,3,0.3181818181818182,1.7272727272727273
News Online Today,Dorel Kapelou II,2,0.3181818181818182,0.7272727272727273
News Online Today,Kapelou,3,0.3181818181818182,0.8772727272727272
The Abila Post,Dorel Kapelou II,3,0.3181818181818182,0.7272727272727273
Daily Pegasus,Karel,20,0.3148611111111111,9.743988095238096
The Wrap,Abila,4,0.3111111111111111,2.2055555555555557
The Wrap,Fluss,3,0.30833333333333335,1.2249999999999999
World Journal,Hank Fluss,2,0.30714285714285716,1.044047619047619
International Times,Sten Sanjorge,6,0.3024267399267399,2.235821123321123
World Journal,Loblaw,3,0.3009523809523809,1.7389285714285716
Homeland Illumination,Hank Fluss,2,0.3,0.45
Homeland Illumination,Sten Sanjorge Sr,1,0.3,0.45
International News,Marek,1,0.3,0.48333333333333334
Kronos Star,Marek,1,0.3,0.48333333333333334
News Online Today,Fluss,1,0.3,0.45
News Online Today,Hank Fluss,3,0.3,0.45
News Online Today,Sten Sanjorge Sr,1,0.3,0.45
The Abila Post,Juliana Vann,1,0.3,0.35
The Guide,Marek,1,0.3,0.48333333333333334
The Orb,Mabel,1,0.3,0.0
The Tulip,Beatriz Fluss,2,0.3,0.1
The Tulip,"Sanjorge Jr.'s",1,0.3,0.1
The World,"Beatriz Fluss'",1,0.3,0.1
The Wrap,Hank Fluss,1,0.3,0.45
The Wrap,Sanjorge Sr.,1,0.3,0.45
The Wrap,Sten Sanjorge Sr.-,1,0.3,0.45
Worldwise,Marek,1,0.3,0.48333333333333334
News Online Today,Juliana,4,0.29444444444444445,0.6722222222222223
The Light of Truth,Noriega,1,0.29,0.39
Worldwise,Elian Karel,7,0.28928571428571426,2.430952380952381
Daily Pegasus,Elian,13,0.28458333333333324,3.8725
Daily Pegasus,Reese,6,0.27499999999999997,0.9500000000000001
Daily Pegasus,Kriste Brontes,1,0.26875,0.35000000000000003
Everyday News,Bianca,10,0.26666666666666666,3.7188888888888893
The Tulip,Claudio Morluniau van Abila,1,0.26666666666666666,0.26666666666666666
Worldwise,Sarto,4,0.2636904761904762,1.0440476190476191
The Orb,Hank Fluss,2,0.25999999999999995,0.44000000000000006
The Orb,Sanjorge Sr.,1,0.25999999999999995,0.44000000000000006
The Orb,Sten Sanjorge Sr,1,0.25999999999999995,0.44000000000000006
The Explainer,Sanjorge,3,0.2583333333333333,0.9500000000000002
The Light of Truth,Beatriz Fluss it,1,0.25555555555555554,0.17777777777777778
The General Post,Noriega,1,0.2542857142857143,0.3942857142857143
International Times,Robert Loblaw,1,0.2528409090909091,0.4636363636363636
All News Today,Antaura Karel,1,0.25,0.25
All News Today,Pondo Resses,1,0.25,0.45
All News Today,Sanjorge Sr,2,0.25,0.9
Daily Pegasus,Carmine,1,0.25,0.25
Homeland Illumination,Sanjorge Sr,2,0.25,0.9
Homeland Illumination,Vardshvna,1,0.25,0.25
International News,Kapelou,5,0.25,0.825
International Times,Hank Fluss,1,0.25,0.375
International Times,Sten Jr.,1,0.25,0.375
News Online Today,Sanjorge Sr,2,0.25,0.9
The Orb,Reynolds,3,0.25,0.9
The Tulip,SR,1,0.25,0.65
The World," Sr",3,0.25,0.55
World Journal,Dorel Kapelou II,1,0.25,0.5
The Light of Truth,Ingrid Sanjorge,1,0.24999999999999997,0.5625
The Light of Truth,"Sanjorge Jr. """,1,0.24999999999999997,0.5625
The Light of Truth,Sanjorge Sr.,2,0.24999999999999997,0.5625
The Light of Truth,Sten,2,0.24999999999999997,0.5625
Daily Pegasus,Sanjorge,2,0.24833333333333332,1.1683333333333332
News Desk,Kapelou II,2,0.2479076479076479,0.682020202020202
The Orb,Nespola,3,0.24700000000000002,0.928
The Continent,Loblaw,2,0.2429100529100529,0.8893650793650794
The Guide,Sanjorge,3,0.24166666666666667,0.5
The Orb,Osvaldo,2,0.24027777777777778,0.3902777777777779
The General Post,Sten Sanjorge Jr,4,0.24000000000000002,0.7133333333333334
Daily Pegasus,hank Fluss,1,0.24,0.5599999999999999
World Journal," Jr.",1,0.23652597402597403,0.46066017316017316
The Abila Post,Sanjorge,3,0.23484848484848483,0.5416666666666666
News Online Today,"Sanjorge Jr.'s",1,0.23333333333333336,0.6666666666666666
Athena Speaks,Hagar Awelon,1,0.23333333333333334,0.3416666666666666
The Continent,Shawn Pastorini,1,0.2333333333333333,0.6333333333333333
The General Post,Beatriz Fluss,1,0.2333333333333333,0.4000000000000001
The General Post,the Hank Fluss,1,0.2333333333333333,0.4000000000000001
World Journal,Jim,1,0.2333333333333333,0.65
The Abila Post,Kapelou II,2,0.22505050505050506,0.7653535353535352
The Continent,Arresta,1,0.225,0.4
Everyday News,Loblaw Robert,1,0.21714285714285716,0.34714285714285714
Daily Pegasus,Pondo Reese,3,0.21666666666666667,0.9333333333333333
The Truth,Marek,1,0.21666666666666667,0.5333333333333333
International Times," Jr.",1,0.21428571428571427,0.42857142857142855
The Wrap,Michale Kraft van Karel,1,0.21428571428571427,0.5714285714285714
The Continent,Bianca,10,0.2094318181818182,3.1189393939393937
All News Today,Elian Karel,6,0.2,1.5333333333333332
Everyday News,Elian Karel de Kronos,1,0.2,0.5
Everyday News,Kronosian,1,0.2,0.5
Homeland Illumination,Jeroen,2,0.2,0.3
Homeland Illumination,Reynolds,3,0.2,0.5
International Times,Jim Cordon,1,0.2,0.55
Kronos Star,Barranco,1,0.2,0.3
Kronos Star,Carmine Gurganus,1,0.2,0.2
Kronos Star,Vasco-Pais,1,0.2,0.3
News Desk,Ravi Danisliau,1,0.2,0.6875
News Online Today,Griffith Mabel,1,0.2,0.3
News Online Today,Jim Cordon,1,0.2,0.55
News Online Today,Ravi Danisliau,1,0.2,0.6875
The Abila Post,Ravi Danisliau,1,0.2,0.6875
The Explainer,Miriam Avila,1,0.2,0.5
The Explainer,Ravi Danisliau,1,0.2,0.6875
The Guide,the Carmine Gurganus,1,0.2,0.2
The Orb,Adian Koppolis,1,0.2,0.25
The Truth,Gurganus,1,0.2,0.2
The Tulip,Sten,2,0.2,0.2
World Source,Jim Cordon,1,0.2,0.55
Athena Speaks,Juliana Vann,1,0.19999999999999998,0.2333333333333333
News Desk,Karel van Elian,1,0.19999999999999998,0.65
Tethys News,Carman,4,0.19999999999999998,1.0875
The Explainer,Julian Vann,1,0.19999999999999998,0.2333333333333333
Everyday News," Jr",2,0.1996103896103896,0.534978354978355
The Tulip,Kronos,1,0.19333333333333336,0.6733333333333333
The Guide,Will stop Nespola,3,0.19166666666666668,1.20625
The General Post,Fluss,2,0.18333333333333335,0.6266666666666666
The Truth,Cesare Nespola,5,0.18333333333333335,0.5125000000000001
Central Bulletin,Luis Araullo,2,0.17777777777777778,0.3444444444444444
News Desk,delouses Araullo,1,0.17777777777777778,0.3444444444444444
News Online Today,Kapelou II,1,0.17777777777777778,0.3444444444444444
The Abila Post,Luis Araullo,2,0.17777777777777778,0.3444444444444444
Athena Speaks,IYAN,1,0.17500000000000002,0.35
Athena Speaks,KIBALIAU,1,0.17500000000000002,0.35
Daily Pegasus,Jr,1,0.175,0.275
News Online Today,Luis Araullo,2,0.17277777777777778,0.6427777777777777
Everyday News,Rufus Drymiau,1,0.17222222222222222,0.3944444444444445
International Times,Rufus Drymiau,1,0.17222222222222222,0.3944444444444445
World Source,Sten Sanjorge,3,0.17147435897435898,1.2405830280830281
The General Post,Sanjorge Jr.,1,0.16972222222222222,0.4561111111111111
Modern Rubicon,Lagos,1,0.16666666666666666,0.46666666666666673
Tethys News,Ada Campo-Corrente,2,0.16666666666666666,0.3333333333333333
Tethys News,the Strum di Orhan,1,0.16666666666666666,0.3333333333333333
The Continent,Jecovic,1,0.1574074074074074,0.4759259259259259
The Light of Truth," Jr.",7,0.14785714285714285,1.3116666666666665
The Orb,Fluss,2,0.1433333333333333,0.965
Everyday News,Loblaw,3,0.14043831168831167,1.6442748917748917
Central Bulletin,Ada Campo-Corrente,1,0.13636363636363635,0.45454545454545453
Central Bulletin,Ingrid Barranco,1,0.13636363636363635,0.45454545454545453
Central Bulletin,Orhan Strum,1,0.13636363636363635,0.45454545454545453
News Online Today,Ada Campo-Corrente,2,0.13636363636363635,0.5045454545454545
News Online Today,Ingrid Barranco,2,0.13636363636363635,0.5045454545454545
News Online Today,Orhan Strum,2,0.13636363636363635,0.5045454545454545
The Abila Post,Haneson Ngohebo,2,0.13636363636363635,0.625
The World,Ada Campo-Corrente,1,0.13636363636363635,0.45454545454545453
The World,Ingrid Barranco,1,0.13636363636363635,0.45454545454545453
The World,Orhan Strum,1,0.13636363636363635,0.45454545454545453
Who What News,Ada Campo-Corrente,1,0.13636363636363635,0.45454545454545453
Who What News,Ingrid Barranco,1,0.13636363636363635,0.45454545454545453
Who What News,Orhan Strum,1,0.13636363636363635,0.45454545454545453
The Tulip,Cato,1,0.13499999999999998,0.35500000000000004
The Explainer,Haneson Ngohebo,2,0.13333333333333333,0.7000000000000001
The Explainer,Jr,2,0.13333333333333333,0.7000000000000001
All News Today,Fluss,1,0.125,0.45
All News Today,Hank Fluss,1,0.125,0.45
All News Today,Sten Sanjorge Sr,1,0.125,0.45
Daily Pegasus,Henk,1,0.125,0.3333333333333333
Everyday News,Cord,1,0.125,0.321875
Everyday News,Jim,1,0.125,0.321875
News Desk,Abila Kronos,1,0.125,0.25
The Continent,Antonio Arresta,1,0.125,0.16666666666666666
The Continent,Fluss,2,0.125,0.85
The Explainer," Jr",4,0.125,0.4083333333333333
The Truth,Tethys,1,0.125,0.3666666666666667
The Tulip,Abila Kronos,1,0.125,0.25
Everyday News,Sten Sanjorge,5,0.12432377146662858,1.540638171352457
Daily Pegasus,Fluss,2,0.12333333333333335,1.085
World Journal,Bianca,9,0.12234126984126986,2.964166666666667
International News,Cesare Nespola,2,0.12222222222222223,0.275
Homeland Illumination,Nespola,4,0.12000000000000001,0.9624999999999999
Athena Speaks,Kapelou,4,0.1181818181818182,0.9522727272727273
Central Bulletin,Kapelou,1,0.1181818181818182,0.41893939393939394
News Desk,Kapelou,4,0.1181818181818182,0.9522727272727273
The Abila Post,Kapelou,4,0.1181818181818182,0.9522727272727273
Kronos Star,Nespola,8,0.11679292929292928,2.2258838383838384
The Continent,Sten Jr.,1,0.1125,0.41041666666666665
Tethys News,Sten Sanjorge Jr.,2,0.1111111111111111,0.16666666666666666
The Guide,Dorel Kapelou,1,0.11000000000000001,0.21333333333333332
The Abila Post," Jr.",9,0.10984848484848482,1.6688888888888889
The Explainer,Karel,2,0.10833333333333334,1.1055555555555556
The General Post,Petr Noriega,1,0.10714285714285714,0.2857142857142857
The Orb,Marek,2,0.10625,0.5333333333333333
The Guide,the Carmen Adrien,1,0.10555555555555557,0.46666666666666673
News Desk,Juliana Vann,1,0.103125,0.3
The Continent,Elian Karel,3,0.10224358974358974,0.8935897435897435
World Journal,Juliana Vann,2,0.10138888888888889,0.6222222222222222
The General Post,Sten Sanjorge Sr,2,0.10000000000000003,1.5
Homeland Illumination,Carmine Osvaldo,1,0.10000000000000002,0.3833333333333333
The Wrap,Sanjorge,1,0.10000000000000002,0.3833333333333333
Daily Pegasus,ELODIS,2,0.1,0.2
Daily Pegasus,Jon L.,1,0.1,0.2
Everyday News,Co,1,0.1,0.29583333333333334
Everyday News,Jr,1,0.1,0.29583333333333334
Everyday News,Sten,1,0.1,0.29583333333333334
Homeland Illumination," Jr.",1,0.1,0.3
Homeland Illumination,Gerhard,3,0.1,0.4
Homeland Illumination,Jon L.,1,0.1,0.2
Homeland Illumination,Petrus Gerhard,7,0.1,2.7875
International News,Adrien Carmen,1,0.1,0.3
International News,Juliana,1,0.1,0.2
International News,Torsten Trucco,1,0.1,0.1
International Times,Juliana,1,0.1,0.2
Kronos Star,Adrien Carmen,1,0.1,0.3
Kronos Star,Juliana,1,0.1,0.2
Kronos Star,Torsten Trucco,1,0.1,0.1
Modern Rubicon,Edvard Vann,1,0.1,0.4
News Online Today,Adrien Carmen,1,0.1,0.3
The Explainer,Anterior Luis,1,0.1,0.3
The Explainer,Araullo,1,0.1,0.3
The Light of Truth,Beatriz Fluss,1,0.1,0.2
The Orb,Jon L.,1,0.1,0.2
The World,Fluss,4,0.1,0.4666666666666667
The Wrap," Jr.",1,0.1,0.3
The Wrap,Jon L.,1,0.1,0.2
The Wrap,Koppolis,1,0.1,0.4
The Wrap,Sten Sanjorge,1,0.1,0.3
The Wrap,Vardshvna,1,0.1,0.5
Who What News,Fluss,4,0.1,0.4666666666666667
Worldwise,Adrien Carmen,1,0.1,0.3
Worldwise,Torsten Trucco,1,0.1,0.1
The Light of Truth,Sten Sanjorge Sr,1,0.09999999999999999,0.5666666666666668
The Guide,Rufus Drymiau,4,0.09642857142857136,1.0043650793650793
The Explainer,Carman Adrien,1,0.09523809523809526,0.39285714285714285
The Guide,Carman Adrien,3,0.09523809523809526,0.39285714285714285
Daily Pegasus,Osvaldo,1,0.095,0.3083333333333333
Everyday News,Oskar Wertz,1,0.09375,0.39999999999999997
Kronos Star,Rufus Drymiau,5,0.09166666666666667,1.0805555555555555
Modern Rubicon," Jr.",3,0.0875,1.4875
Homeland Illumination,Sten Sanjorge,3,0.08749999999999997,0.6208333333333333
Homeland Illumination,Griffith Mabel,1,0.08333333333333333,0.2583333333333333
Tethys News,Ingrid Barranca,2,0.08333333333333333,0.16666666666666666
The Wrap,Griffith Mabel,1,0.08333333333333333,0.2583333333333333
Central Bulletin,Hagar Awelon,1,0.075,0.2833333333333333
News Online Today,Hagar Awelon,1,0.075,0.2833333333333333
The Abila Post,Hagar Awelon,1,0.075,0.2833333333333333
The Explainer,Hagar Awelon,1,0.075,0.2833333333333333
The Abila Post,Karel,3,0.07499999999999996,1.5916666666666668
All News Today,Juliana Vann,7,0.07249999999999998,2.2666666666666666
Modern Rubicon,the Orhan Strum,1,0.0722222222222222,0.3277777777777778
The Light of Truth,Ivar Blanes,1,0.07142857142857142,0.2738095238095238
The Tulip,Petr Noriega,1,0.07142857142857142,0.4904761904761905
The World,Ivar Blanes,1,0.07142857142857142,0.2738095238095238
News Desk,Ren Touvi,1,0.07012987012987013,0.3375757575757576
News Desk,Haneson Ngohebo,1,0.06818181818181818,0.375
News Desk,Sanjorge,2,0.06818181818181818,0.48055555555555557
News Online Today,Nespola,1,0.06818181818181818,0.37727272727272726
News Online Today,Vincent Kapelou,3,0.06818181818181818,0.37727272727272726
Athena Speaks,Miriam Avila,1,0.06666666666666667,0.35000000000000003
Central Bulletin,Miriam Avila,1,0.06666666666666667,0.35000000000000003
Daily Pegasus,Griffith Mabel,1,0.06666666666666667,0.13333333333333333
News Desk,Miriam Avila,1,0.06666666666666667,0.35000000000000003
News Online Today,Miriam Avila,1,0.06666666666666667,0.35000000000000003
The Abila Post,Miriam Avila,1,0.06666666666666667,0.35000000000000003
The Explainer,Abila,2,0.06666666666666667,0.65
Worldwise,Carmine Gurganus,1,0.06666666666666667,0.25
Everyday News,Fluss,2,0.06666666666666665,0.6833333333333333
The Light of Truth,Sten Sanjorge,9,0.06452380952380948,1.4741666666666668
Daily Pegasus,Jeroen,2,0.0638888888888889,0.3430555555555556
The Orb,Griffith Mabel,1,0.0625,0.19374999999999998
Athena Speaks,Kapelou II,2,0.05909090909090909,0.6011363636363636
The Wrap,Nespola,3,0.05750000000000002,0.9005555555555556
Worldwise,Carman Adrien,5,0.05714285714285716,2.019047619047619
World Journal,Sten Jr.,1,0.05714285714285715,0.294047619047619
The World,Sr,1,0.05416666666666667,0.3
Athena Speaks,de Kronos,1,0.05000000000000002,0.5
Kronos Star,Ronald Gerard,1,0.05000000000000002,0.5
News Desk,Kronos,2,0.05000000000000002,0.5
The Guide,Ronald Gerard,1,0.05000000000000002,0.5
The Truth,Ronald Gerard,1,0.05000000000000002,0.5
Worldwise,Ronald Gerald,1,0.05000000000000002,0.5
The Wrap,Carmine Osvaldo,1,0.05000000000000001,0.22499999999999998
All News Today,Pondo Reese,1,0.05,0.1
Athena Speaks,Araullo,1,0.05,0.15
Athena Speaks,Luis,1,0.05,0.15
Daily Pegasus,Bodrodgi,1,0.05,0.2
The Light of Truth,Rebecca Cato,2,0.05,0.6785714285714286
The Orb,Sten Sanjorge Jr.,2,0.05,0.4
Homeland Illumination,Sanjorge,6,0.04999999999999999,1.8333333333333335
Worldwise,Abila,1,0.04999999999999999,0.75
Kronos Star,Federigo Accardi,1,0.04999999999999996,0.55
Tethys News,Federigo Accardi,1,0.04999999999999996,0.7444444444444445
The Continent," Jr.",1,0.04834054834054834,0.49381313131313126
The Light of Truth,Petr Noriega,1,0.04821428571428571,0.4452380952380952
The Abila Post,Ren Touvi,1,0.047272727272727286,0.4209090909090909
The Continent,Oskar Wertz,1,0.04285714285714286,0.48571428571428576
Modern Rubicon,Abila,1,0.041666666666666664,0.16249999999999998
The Abila Post,Ada Campo-Corrente,2,0.03636363636363635,0.8545454545454545
The Abila Post,Ingrid Barranco,2,0.03636363636363635,0.8545454545454545
The General Post,Jr,2,0.036111111111111094,0.8662698412698413
World Journal," Jr",1,0.03333333333333333,0.2023809523809524
The Guide,Torsten Trucco,1,0.033333333333333326,0.30833333333333335
The Truth,Trucco,1,0.033333333333333326,0.26666666666666666
The Tulip,Sten Sanjorge Jr.,5,0.03298160173160171,1.1570616883116882
News Online Today,"",1,0.03125,0.3
The Orb,Juliana,11,0.031051587301587302,3.036904761904762
The Orb,Luis Araullo,1,0.029166666666666674,0.31527777777777777
The Continent,Tethys,1,0.028624338624338625,0.31793650793650796
The Wrap,Delouse Araullo,1,0.027083333333333348,0.24791666666666665
Centrum Sentinel,Federigo Accardi,1,0.025,0.175
Homeland Illumination,Federigo Accardi,1,0.025,0.175
News Desk," Jr.",2,0.025,0.07916666666666666
News Desk,Sten Sanjorge,2,0.025,0.07916666666666666
World Source,Juliana,1,0.025,0.2
World Source,Slogan,1,0.025,0.2
The Tulip,Ingrid Sanjorge,1,0.023809523809523808,0.2976190476190476
World Journal,Juliana,1,0.02,0.26
The Explainer,Kapelou,4,0.018181818181818188,1.4522727272727272
The Continent,John Rathburn,1,0.017424242424242425,0.35
The General Post,Sten Sanjorge Sr.,2,0.01666666666666667,0.26666666666666666
Daily Pegasus,Will stop Nespola,1,0.016666666666666666,0.06666666666666667
The General Post,Rebecca Cato,2,0.01428571428571429,0.6071428571428571
The Orb,Carmine,1,0.013839285714285707,0.2700892857142857
Athena Speaks,Ren Touvi,1,0.009090909090909087,0.4511363636363636
The Orb,Reese,6,0.008333333333333304,1.15
Homeland Illumination,Henk,1,0.007142857142857141,0.37142857142857144
The Light of Truth,Fluss,5,0.005555555555555536,0.3277777777777778
All News Today,Adian Koppolis,1,0.0,0.0
All News Today,Bodrogi,2,0.0,0.625
All News Today,Celia,1,0.0,0.0
All News Today,Juliana,2,0.0,0.0
All News Today,Marcellus Edris,1,0.0,0.0
All News Today,Marek,1,0.0,0.1
All News Today,Mestache Vardshvna,1,0.0,0.0
All News Today,Michale Kraft,1,0.0,0.05
All News Today,Sten Sanjorge Jr,1,0.0,0.0
All News Today,Tomas Sarto,1,0.0,0.08333333333333334
All News Today,Valeria,1,0.0,0.0
Athena Speaks,AWELON,1,0.0,0.0
Athena Speaks,Avila,2,0.0,0.0
Athena Speaks,CUSEMA,1,0.0,0.0
Athena Speaks,CYNTHE,1,0.0,0.0
Athena Speaks,Celia Edris,1,0.0,0.0
Athena Speaks,Elian Karel,2,0.0,0.0
Athena Speaks,Emilio Haber,1,0.0,0.0
Athena Speaks,Haneson Ngohebo,1,0.0,0.11666666666666665
Athena Speaks,Marcellus Edris,1,0.0,0.0
Athena Speaks,Shine Araullo,1,0.0,0.0
Athena Speaks,Sten St George,1,0.0,0.10555555555555556
Athena Speaks,Sten St. George,2,0.0,0.05277777777777778
Athena Speaks,Sten St. George Jr.,1,0.0,0.0
Athena Speaks,Valeria Edris,1,0.0,0.0
Athena Speaks,Vincent Kapelou,1,0.0,0.0
Athena Speaks,Willem Vasco-PAIS,1,0.0,0.0
Athena Speaks,armine Edria,1,0.0,0.0
Central Bulletin," Jr.",1,0.0,0.14166666666666666
Central Bulletin,Avila,1,0.0,0.0
Central Bulletin,Carmine Edris,1,0.0,0.0
Central Bulletin,Celia Edris,1,0.0,0.0
Central Bulletin,"Elian Karel's",1,0.0,0.0
Central Bulletin,Emilio Haber,1,0.0,0.0
Central Bulletin,Marcellus Edris,1,0.0,0.0
Central Bulletin,Sten Sanjorge,1,0.0,0.14166666666666666
Central Bulletin,Valeria Edris,1,0.0,0.0
Central Bulletin,Vann,1,0.0,0.0
Centrum Sentinel,KRONOS,1,0.0,0.0
Centrum Sentinel,Petrus Gerhard,2,0.0,0.0
Centrum Sentinel,Sanjorge,3,0.0,0.0
Daily Pegasus,Antaura Karel,1,0.0,0.0
Daily Pegasus,Araullo,1,0.0,0.0
Daily Pegasus,Celia,1,0.0,0.0
Daily Pegasus,Fluss hank,1,0.0,0.0
Daily Pegasus,Joclyn Reynolds,1,0.0,0.0
Daily Pegasus,Kapelou,2,0.0,0.0
Daily Pegasus,Mabel,1,0.0,0.0
Daily Pegasus,Marcellus Edris,1,0.0,0.0
Daily Pegasus,Mestache Vardshvna,1,0.0,0.0
Daily Pegasus,Sten Sanjorge Jr,1,0.0,0.016666666666666666
Daily Pegasus,Valeria,1,0.0,0.0
Daily Pegasus,Vardshvna,1,0.0,0.0
Everyday News,Ada Campo-Corrente,1,0.0,0.0
Everyday News,Antonio Arresta,1,0.0,0.0
Everyday News,Arresta,1,0.0,0.75
Everyday News,Ingrid Barranco,1,0.0,0.0
Everyday News,Jayala Mahmed,1,0.0,0.0
Everyday News,Juan Rathburn,1,0.0,0.0
Everyday News,Julio Jecovic,1,0.0,0.4
Everyday News,Kronos,1,0.0,0.0
Everyday News,Orhan Strum,1,0.0,0.0
Everyday News,Petra Hohimae,1,0.0,0.4
Everyday News,Sanjorge,2,0.0,0.1
Everyday News,Shawn Pastorini,1,0.0,0.0
Everyday News,Sten Sanjorge Jr,1,0.0,0.0
Everyday News,Sten Sanjorge de GAStech,1,0.0,0.0
Everyday News,Terek Kamal,1,0.0,0.0
Everyday News,Willem Vasco-Pais,1,0.0,0.0
Everyday News,the Potter de Ralf,1,0.0,0.4
Homeland Illumination,Adian Koppolis,1,0.0,0.0
Homeland Illumination,Antaura Karel,1,0.0,0.0
Homeland Illumination,Araullo,1,0.0,0.0
Homeland Illumination,Bodrodgi,1,0.0,0.0
Homeland Illumination,Carmine,1,0.0,0.0
Homeland Illumination,Celia,1,0.0,0.0
Homeland Illumination,Joclyn Reynolds,1,0.0,0.0
Homeland Illumination,Kapelou,2,0.0,0.0
Homeland Illumination,Kapelou II,1,0.0,0.0
Homeland Illumination,Kriste Brontes,1,0.0,0.0
Homeland Illumination,Mabel,1,0.0,0.0
Homeland Illumination,Marcellus Edris,1,0.0,0.0
Homeland Illumination,Marek,2,0.0,0.1
Homeland Illumination,Mestache Vardshvna,1,0.0,0.0
Homeland Illumination,Michale Kraft,5,0.0,0.225
Homeland Illumination,Sten Sanjorge Jr.,1,0.0,0.0
Homeland Illumination,Tomas Sarto,1,0.0,0.08333333333333334
Homeland Illumination,Valeria,1,0.0,0.0
Homeland Illumination,Juliana,1,0.0,0.0
International News,Ada Campo-Corrente,1,0.0,0.05
International News,Edvard Vann,1,0.0,0.0
International News,Ingrid Barranco,1,0.0,0.05
International News,Orhan Strum,1,0.0,0.05
International News,Willem Vasco-Pais,1,0.0,0.05
International Times," Jr",1,0.0,0.35714285714285715
International Times,Antonio Arresta,1,0.0,0.0
International Times,Arresta,1,0.0,0.75
International Times,Drymiau,1,0.0,0.0
International Times,Jecovic,1,0.0,0.6000000000000001
International Times,John Rathburn,1,0.0,0.0
International Times,Jules Jecovic,1,0.0,0.4222222222222223
International Times,Oskar Wertz,1,0.0,0.275
International Times,Ralf Potter,1,0.0,0.4
International Times,Shawn Pastorini,1,0.0,0.0
International Times,Terek Kamal,1,0.0,0.0
International Times,Tethys,1,0.0,0.0
Kronos Star,Accardi,1,0.0,0.0
Kronos Star,Ada Campo-Corrente,3,0.0,0.05
Kronos Star,Andreas,1,0.0,0.0
Kronos Star,Drymiau,1,0.0,0.0
Kronos Star,Edvard Vann,2,0.0,0.0
Kronos Star,Ingrid Barranco,3,0.0,0.05
Kronos Star,Kaeplou,1,0.0,0.0
Kronos Star,Kraft,2,0.0,0.0
Kronos Star,Orhan Strum,3,0.0,0.05
Kronos Star,Strum,2,0.0,0.0
Kronos Star,Vann,3,0.0,0.0
Kronos Star,Willem Vasco-Pais,3,0.0,0.05
News Desk,AWELON,1,0.0,0.0
News Desk,Ada campo-Corrente,1,0.0,0.25
News Desk,Carmine Edris,1,0.0,0.0
News Desk,Celia Edris,1,0.0,0.0
News Desk,Emilio Haber,1,0.0,0.0
News Desk,Ingrid Barranco,1,0.0,0.25
News Desk,Jr.,1,0.0,0.10555555555555556
News Desk,Kraft,1,0.0,0.0
News Desk,M. Kraft,1,0.0,0.0
News Desk,M. Sanjorge maintain,1,0.0,0.24
News Desk,Marcellus Edris,1,0.0,0.0
News Desk,Orhan Strum,1,0.0,0.25
News Desk,Sten,1,0.0,0.10555555555555556
News Desk,Sten Sanjorge Jr.,1,0.0,0.0
News Desk,Valeria Edris,1,0.0,0.0
News Desk,Vann,2,0.0,0.0
News Desk,Vincent Kapelou,1,0.0,0.0
News Desk,Willem Vasco-Pais,1,0.0,0.0
News Desk,delouse Araullo,1,0.0,1.0
News Online Today," Jr",1,0.0,0.35714285714285715
News Online Today," Sr",1,0.0,0.0
News Online Today,Beatriz Fluss,1,0.0,0.0
News Online Today,Bianca,1,0.0,0.0
News Online Today,Bodrogi,1,0.0,0.625
News Online Today,"Elian Karel's",1,0.0,0.0
News Online Today,Elodis,1,0.0,0.0
News Online Today,Ingrid Sanjorge,1,0.0,0.0
News Online Today,John Rathburn,1,0.0,0.5
News Online Today,Kapelous,2,0.0,0.5
News Online Today,Karels,1,0.0,0.06666666666666667
News Online Today,Rebecca Cato,1,0.0,0.0
News Online Today,Reese,1,0.0,0.0
News Online Today,Shawn Pastorini,1,0.0,0.0
News Online Today,Sr,1,0.0,0.0
News Online Today,Willem Vasco-Pais,1,0.0,0.05
Tethys News,Accardi,1,0.0,0.0
Tethys News,Edvard Vann,1,0.0,0.2
Tethys News,Jr.,1,0.0,0.0
Tethys News,Sten Sanjorge,1,0.0,0.0
Tethys News,Vann,1,0.0,0.0
Tethys News,Willem Vasco-Pais,2,0.0,0.0
Tethys News,the Orhan Strum,1,0.0,0.0
The Abila Post,Avila,2,0.0,0.0
The Abila Post,Carmine Edris,1,0.0,0.0
The Abila Post,Celia Edris,1,0.0,0.0
The Abila Post,Emilio Haber,1,0.0,0.0
The Abila Post,Marcellus Edris,1,0.0,0.0
The Abila Post,"Sanjorge Jr.'s",1,0.0,0.375
The Abila Post,Sara Tuno,2,0.0,0.0
The Abila Post,Sten Sanjorge Jr.,1,0.0,0.0
The Abila Post,Valeria Edris,1,0.0,0.0
The Abila Post,Vincent Kapelou,1,0.0,0.0
The Continent," Jr",1,0.0,0.35714285714285715
The Continent,Dorel Kapelou II,1,0.0,0.5
The Continent,Elodis,1,0.0,0.0
The Continent,Jayala Mahmed,1,0.0,0.0
The Continent,Jim Cordon,1,0.0,0.0
The Continent,Ralf,1,0.0,0.4
The Continent,Terek Kamal,1,0.0,0.0
The Explainer,ANDA,1,0.0,0.0
The Explainer,AWELON,1,0.0,0.0
The Explainer,Ada Campo-Corrente,1,0.0,0.0
The Explainer,BLUMIAU,1,0.0,0.0
The Explainer,BODROGI,1,0.0,0.0
The Explainer,COARDA,1,0.0,0.0
The Explainer,CYNTHE,1,0.0,0.0
The Explainer,Celia Edris,1,0.0,0.0
The Explainer,Edris,1,0.0,0.0
The Explainer,GUDENZ,1,0.0,0.0
The Explainer,HOLANDE,1,0.0,0.0
The Explainer,Ingrid Barranco,1,0.0,0.0
The Explainer,KEL,1,0.0,0.0
The Explainer,Kraft,2,0.0,0.0
The Explainer,Marcellus Edris,1,0.0,0.0
The Explainer,Orhan Strum,1,0.0,0.0
The Explainer,Valeria Edris,1,0.0,0.0
The Explainer,Vincent Kapelou,1,0.0,0.0
The Explainer,WILLEM,1,0.0,0.0
The Explainer,Willem  Vasco-Pais,1,0.0,0.0
The General Post,Ada Campo-Corrente,1,0.0,0.0
The General Post,Beatriz,1,0.0,0.0
The General Post,Claudius Morluniau,1,0.0,0.5
The General Post,Ingrid Barranco,1,0.0,0.0
The General Post,Orhan Strum,1,0.0,0.0
The General Post,Sten,1,0.0,0.0
The General Post,Willem Gracias,1,0.0,0.0
The General Post,Willem Vasco-Pais,1,0.0,0.0
The Guide,Ada Campo-Corren,1,0.0,0.0
The Guide,Adrien Tethyn,1,0.0,0.0
The Guide,Andreas,1,0.0,0.0
The Guide,Carman,1,0.0,0.0
The Guide,Drymiau,1,0.0,0.0
The Guide,Edvard Vann,1,0.0,0.0
The Guide,Ingrid Barranco,1,0.0,0.0
The Guide,Kaeplou,1,0.0,0.0
The Guide,Kraft,2,0.0,0.0
The Guide,Orhan Strum,1,0.0,0.0
The Guide,Tomas Sartos,1,0.0,0.0
The Guide,Vann,1,0.0,0.0
The Guide,Willem Vasco-Pais,1,0.0,0.0
The Light of Truth,Claudio Morluniau,1,0.0,0.5
The Light of Truth,Ingmar Casablancas,1,0.0,0.0
The Light of Truth,Willem Gracias,1,0.0,0.0
The Light of Truth,Willem Vasco-Pais,1,0.0,0.0
The Orb,Abila,1,0.0,0.0
The Orb,Antaura Karel,1,0.0,0.3333333333333333
The Orb,Araullo,1,0.0,0.0
The Orb,Celia,1,0.0,0.0
The Orb,Charley Normand,1,0.0,0.25
The Orb,Jeroen,2,0.0,0.3333333333333333
The Orb,Joclyn Reynolds,1,0.0,0.0
The Orb,Kapelou,2,0.0,0.0
The Orb,Kriste Brontes,1,0.0,0.0
The Orb,Marcellus Edris,1,0.0,0.0
The Orb,Mestache Vardshvna,1,0.0,0.0
The Orb,Tomas Sarto,1,0.0,0.06666666666666667
The Orb,Valeria,1,0.0,0.0
The Orb,Vardshvna,1,0.0,0.0
The Truth,Ada Campo-Corrente,1,0.0,0.0
The Truth,Adrien Carmen,1,0.0,0.0
The Truth,Adrien aforesaid Carman,1,0.0,0.0
The Truth,Andreas,1,0.0,0.0
The Truth,Dorel Kapelou,1,0.0,0.0
The Truth,Drymiau,1,0.0,0.0
The Truth,Edvard Vann van Abila,1,0.0,0.6
The Truth,GAStech,1,0.0,0.5333333333333333
The Truth,Ingrid Barranco,1,0.0,0.0
The Truth,Juliana,2,0.0,0.0
The Truth,Kaeplou,1,0.0,0.0
The Truth,Karel,2,0.0,0.0
The Truth,M. Kraft,1,0.0,0.0
The Truth,Orhan Strum,1,0.0,0.0
The Truth,POK,1,0.0,0.0
The Truth,Tethyn,1,0.0,0.0
The Truth,Vann,2,0.0,0.0
The Truth,Willem Vasco-Pais,1,0.0,0.0
The Truth,lead Araullo,1,0.0,0.0
The Tulip,Ada campo-Corrente,1,0.0,0.25
The Tulip,Ingrid Barranco,1,0.0,0.25
The Tulip,Orhan Strum,1,0.0,0.25
The Tulip,Willem Gracias,1,0.0,0.0
The Tulip,Willem Vasco-Pais,1,0.0,0.0
The World,Beatriz Fluss,1,0.0,0.0
The World,Claudio Morluniau,1,0.0,0.5
The World,"Sten Sanjorge Jr.'s",1,0.0,0.14444444444444446
The World,Willem Gracias,1,0.0,0.0
The World,Willem Vasco-Pais,1,0.0,0.0
The Wrap,Adian Koppolis,1,0.0,0.0
The Wrap,Antaura Karel,1,0.0,0.0
The Wrap,Araullo,1,0.0,0.0
The Wrap,Carmine,1,0.0,0.0
The Wrap,Celia,1,0.0,0.0
The Wrap,Charley Normand,1,0.0,0.0
The Wrap,Joclyn Reynolds,1,0.0,0.0
The Wrap,Kapelou,1,0.0,0.6
The Wrap,Kraft,2,0.0,0.0
The Wrap,Mabel,1,0.0,0.0
The Wrap,Marcellus Edris,1,0.0,0.0
The Wrap,Mestache Vardshvna,1,0.0,0.0
The Wrap,Michale Kraft,2,0.0,0.3625
The Wrap,Reynolds,3,0.0,0.0
The Wrap,Valeria,1,0.0,0.0
The Wrap,the Kriste Brontes,1,0.0,0.0
Who What News,"",1,0.0,0.0
Who What News,Beatriz Fluss,1,0.0,0.0
Who What News,CENTRUM,1,0.0,0.0
Who What News,Claudio Morluniau,1,0.0,0.5
Who What News,Ingrid Sanjorge,1,0.0,0.0
Who What News,Sten,2,0.0,0.0
Who What News,Tethys,1,0.0,0.0
Who What News,Willem Gracias,1,0.0,0.0
World Journal,Ada Campo-Corrente,1,0.0,0.5
World Journal,Antonio Arresta,1,0.0,0.0
World Journal,Arresta,1,0.0,0.75
World Journal,Ingrid Barranco,1,0.0,0.5
World Journal,Jayala Mahmed,1,0.0,0.0
World Journal,Jecovic,1,0.0,0.6000000000000001
World Journal,John Rathburn,1,0.0,0.0
World Journal,Jules Jecovic,1,0.0,0.6000000000000001
World Journal,Orhan Strum,1,0.0,0.5
World Journal,Petra Hohimae,1,0.0,0.0
World Journal,Ralf,1,0.0,0.4
World Journal,Sten Sanjorge Jr,1,0.0,0.5
World Journal,Terek Kamal,1,0.0,0.0
World Journal,Willem Vasco-Pais,1,0.0,0.5
World Source," Jr",1,0.0,0.35714285714285715
World Source,Drymiau,1,0.0,0.0
World Source,John Rathburn,1,0.0,0.0
World Source,Oskar Wertz,1,0.0,0.275
Worldwise,Ada Campo-Corrente,1,0.0,0.05
Worldwise,Andreas,1,0.0,0.0
Worldwise,Edvard Vann,1,0.0,0.0
Worldwise,Ingrid Barranco,1,0.0,0.05
Worldwise,Juliana,1,0.0,0.0
Worldwise,Kaeplou,1,0.0,0.0
Worldwise,Karel,2,0.0,0.0
Worldwise,Orhan Strum,1,0.0,0.05
Worldwise,Vann,1,0.0,0.0
Worldwise,Willem Vasco-Pais,1,0.0,0.05
The General Post,Sten Sanjorge,5,-0.0026515151515151686,1.0147727272727272
The Explainer,Sten Sanjorge,4,-0.0035714285714285704,0.45714285714285713
All News Today,Luis Araullo,1,-0.004999999999999993,0.29833333333333334
Homeland Illumination,Luis Araullo,1,-0.004999999999999993,0.29833333333333334
The Tulip,Ivar Blanes,1,-0.005102040816326532,0.30306122448979594
International Times,Juliana Vann,2,-0.006666666666666668,0.48
World Source,Juliana Vann,2,-0.006666666666666668,0.48
All News Today,Osvaldo,1,-0.008333333333333331,0.21388888888888888
News Desk,Hagar Awelon,1,-0.008333333333333338,0.3333333333333333
Daily Pegasus,Nespola,4,-0.011249999999999996,0.64375
International Times,Bianca,10,-0.012579365079365062,3.2090079365079367
The Truth,Elian Karel,6,-0.013888888888888867,2.4972222222222222
Homeland Illumination,Osvaldo,1,-0.014999999999999996,0.2683333333333333
The Truth,Nespola,7,-0.015984848484848504,1.824772727272727
International Times,Dorel Kapelou II,1,-0.01666666666666668,0.6666666666666666
The Continent,Jules Jecovic,1,-0.01944444444444444,0.5611111111111112
The Wrap,Sanjorge SR,1,-0.019999999999999997,0.5599999999999999
The Abila Post,FORGERY,1,-0.020833333333333336,0.13333333333333333
The Abila Post,KIBALIAU,1,-0.020833333333333336,0.13333333333333333
The Abila Post,MORDECAI,1,-0.020833333333333336,0.13333333333333333
The Abila Post,PEAIRS,1,-0.020833333333333336,0.13333333333333333
The Abila Post,SALANIAU,1,-0.020833333333333336,0.13333333333333333
Central Bulletin,Kapelou II,2,-0.0222222222222222,0.6277777777777778
News Online Today,Elian,5,-0.023611111111111124,2.4444444444444446
World Source,Loblaw,2,-0.024007936507936516,0.5382936507936509
Athena Speaks,MELSHA,1,-0.025,0.03333333333333333
Athena Speaks,PEAIRS,1,-0.025,0.03333333333333333
Daily Pegasus,Luis Araullo,1,-0.025,0.3183333333333333
The Orb,Sten Sanjorge Jr,1,-0.025,0.025
News Online Today,Jules Jecovic,1,-0.025925925925925932,0.31759259259259265
News Desk,Elian,1,-0.029166666666666664,0.4666666666666666
News Desk,Elodis,1,-0.029166666666666664,0.4666666666666666
The General Post,Ingmar Casablancas,1,-0.03333333333333333,0.03333333333333333
The Tulip,Hank Fluss,3,-0.03333333333333333,0.08888888888888889
The World,Ingmar Casablancas,1,-0.03333333333333333,0.03333333333333333
The Wrap,Pondo Reese,3,-0.03333333333333333,0.20000000000000004
Who What News,Ingmar Casablancas,1,-0.03333333333333333,0.03333333333333333
World Journal,Oskar Wertz,1,-0.03714285714285715,0.4257142857142857
Athena Speaks,Carman,1,-0.04285714285714286,0.3857142857142857
All News Today,Reese,4,-0.04500000000000004,1.6
Central Bulletin,ANDA,1,-0.047395833333333345,0.1109375
Central Bulletin,AWELON,1,-0.047395833333333345,0.1109375
Central Bulletin,BLUMIAU,1,-0.047395833333333345,0.1109375
Central Bulletin,CUSEMA,1,-0.047395833333333345,0.1109375
Central Bulletin,CYNTHE,1,-0.047395833333333345,0.1109375
Central Bulletin,DUNNA,1,-0.047395833333333345,0.1109375
Central Bulletin,DWLU,1,-0.047395833333333345,0.1109375
Central Bulletin,GUDENZ,1,-0.047395833333333345,0.1109375
Central Bulletin,HOLANDE,1,-0.047395833333333345,0.1109375
Central Bulletin,KEL,1,-0.047395833333333345,0.1109375
Central Bulletin,KIBALIAU,1,-0.047395833333333345,0.1109375
Central Bulletin,MORDECAI,1,-0.047395833333333345,0.1109375
Central Bulletin,PARAPHERNALIA,1,-0.047395833333333345,0.1109375
Central Bulletin,PEAIRS,1,-0.047395833333333345,0.1109375
Central Bulletin,WILLEM,1,-0.047395833333333345,0.1109375
The Orb,Sanjorge Sr,1,-0.04753787878787878,0.5166666666666667
Athena Speaks,ANDA,1,-0.05,0.0
Athena Speaks,BLUMIAU,1,-0.05,0.0
Athena Speaks,COARDA,1,-0.05,0.0
Athena Speaks,DUNNA,1,-0.05,0.0
Athena Speaks,"DWLU

HOLANDE",1,-0.05,0.0
Athena Speaks,FRANCISCO,1,-0.05,0.0
Athena Speaks,GUDENZ,1,-0.05,0.0
Athena Speaks,KEL,1,-0.05,0.0
Athena Speaks,MORDECAI,1,-0.05,0.0
Athena Speaks,SALANIAU,1,-0.05,0.0
Athena Speaks,SEVE,1,-0.05,0.0
Athena Speaks,THAD,1,-0.05,0.0
Athena Speaks,WILLEM,1,-0.05,0.0
News Desk,BLUMIAU,1,-0.05,0.0
News Online Today,AWELON,1,-0.05,0.0
News Online Today,PARAPHERNALIA,1,-0.05,0.0
The Light of Truth,Hank Fluss,3,-0.05000000000000002,0.35000000000000003
The Wrap,Cesare Nespola,3,-0.05451388888888888,0.41909722222222223
The Explainer,Carman de Adrien,1,-0.055555555555555545,0.45555555555555555
Central Bulletin,Elian,1,-0.05555555555555555,0.2222222222222222
The Abila Post,Elian,1,-0.05555555555555555,0.2222222222222222
The Explainer,FRANCISCO,1,-0.0625,0.22083333333333333
The Explainer,MELSHA,1,-0.0625,0.22083333333333333
The Explainer,MORDECAI,1,-0.0625,0.22083333333333333
The Explainer,PEAIRS,1,-0.0625,0.22083333333333333
The Orb,Henk,1,-0.0625,0.1875
The Tulip,Tiskele,1,-0.0625,0.0625
The Orb,Michale Kraft,3,-0.06666666666666667,0.35
Worldwise,Tethyn,1,-0.06666666666666667,0.4666666666666666
Central Bulletin,Michale Kraft,1,-0.0666666666666667,0.4055555555555556
The Abila Post,Abila,1,-0.06818181818181818,0.45454545454545453
News Desk,BODROGI,1,-0.06874999999999999,0.03125
News Desk,COARDA,1,-0.06874999999999999,0.03125
News Desk,CUSEMA,1,-0.06874999999999999,0.03125
News Desk,SEVE,1,-0.06874999999999999,0.03125
The Abila Post,BODROGI,1,-0.06944444444444443,0.05555555555555555
The Abila Post,COARDA,1,-0.06944444444444443,0.05555555555555555
The Abila Post,DUNNA,1,-0.06944444444444443,0.05555555555555555
The Abila Post,GUDENZ,1,-0.06944444444444443,0.05555555555555555
The Abila Post,KEL,1,-0.06944444444444443,0.05555555555555555
The Abila Post,THAD,1,-0.06944444444444443,0.05555555555555555
The Tulip,Rebecca Cato,2,-0.07142857142857142,0.21428571428571427
The World,Rebecca Cato,2,-0.07142857142857142,0.21428571428571427
Who What News,Rebecca Cato,2,-0.07142857142857142,0.21428571428571427
International News,Juliana Vann,3,-0.07250000000000001,1.2291666666666665
News Online Today,Henk Bodrogi,2,-0.07328042328042328,0.9748677248677249
The Abila Post,AWELON,1,-0.075,0.041666666666666664
The Abila Post,BLUMIAU,1,-0.075,0.041666666666666664
The Explainer,Elian,1,-0.08333333333333333,0.25
The Explainer,Elodis,1,-0.08333333333333333,0.25
The Wrap,Henk,1,-0.08333333333333333,0.3666666666666667
Worldwise,Dorel Kapelou,1,-0.08333333333333333,0.25
Worldwise,Juliana Vann,3,-0.08333333333333333,0.25
Athena Speaks,BODROGI,1,-0.0875,0.0625
News Desk,ANDA,1,-0.0878787878787879,0.08484848484848484
News Desk,DUNNA,1,-0.0878787878787879,0.08484848484848484
News Desk,GUDENZ,1,-0.0878787878787879,0.08484848484848484
News Desk,HOLANDE,1,-0.0878787878787879,0.08484848484848484
News Desk,KEL,1,-0.0878787878787879,0.08484848484848484
News Desk,KIBALIAU,1,-0.0878787878787879,0.08484848484848484
News Desk,MORDECAI,1,-0.0878787878787879,0.08484848484848484
News Desk,PLEGEN-VIJFDE DEGREE,1,-0.0878787878787879,0.08484848484848484
News Desk,SALANIAU,1,-0.0878787878787879,0.08484848484848484
News Desk,THAD,1,-0.0878787878787879,0.08484848484848484
Central Bulletin,Karel,3,-0.09166666666666673,1.688888888888889
The Explainer,Kapelou II,2,-0.09999999999999998,0.5833333333333333
Athena Speaks,Edvard Vann de GAStech,1,-0.1,0.4
Athena Speaks,MDMC,2,-0.1,0.0
Everyday News,Elodis,1,-0.1,0.0
News Desk,Avila,2,-0.1,0.1
Tethys News,Carman di Adrien,1,-0.1,0.025
The Abila Post,Willem Vasco-Pais,2,-0.1,0.4
The Continent,Ada campo-Corrente,1,-0.1,0.025
The Continent,Ingrid Barranco,1,-0.1,0.025
The Continent,Orhan Strum,1,-0.1,0.025
The Continent,Sten Sanjorge Jr,1,-0.1,0.025
The Continent,Willem Vasco-Pais,1,-0.1,0.025
The Explainer,Avila,2,-0.1,0.1
The General Post,Ivar Blanes,1,-0.1,0.18333333333333332
Who What News," Sr",2,-0.1,0.1
Who What News,Hank Fluss,3,-0.1,0.1
World Source,Ada Campo-Corrente,1,-0.1,0.525
World Source,Ingrid Barranco,1,-0.1,0.525
World Source,Orhan Strum,1,-0.1,0.525
World Source,Sten Sanjorge Jr,1,-0.1,0.525
World Source,Willem Vasco-Pais,1,-0.1,0.525
Daily Pegasus,Michale Kraft,3,-0.10000000000000002,0.2625
Tethys News,Strum,2,-0.10056818181818183,0.8147727272727273
News Desk,GAStech,1,-0.10625,0.41041666666666665
News Desk,Karel,2,-0.10833333333333334,1.3333333333333335
Modern Rubicon,Sten Sanjorge,3,-0.11250000000000002,1.0875000000000001
News Online Today,BLUMIAU,1,-0.11388888888888889,0.10555555555555556
News Online Today,CUSEMA,1,-0.11388888888888889,0.10555555555555556
News Online Today,DUNNA,1,-0.11388888888888889,0.10555555555555556
News Online Today,KEL,1,-0.11388888888888889,0.10555555555555556
News Online Today,WILLEM,1,-0.11388888888888889,0.10555555555555556
Everyday News,Julian Vann,2,-0.1159090909090909,0.7
Homeland Illumination,Elian Karel,10,-0.11666666666666665,2.6333333333333333
Daily Pegasus,Abila,1,-0.11666666666666667,0.225
International News,Vann,1,-0.125,0.125
The Abila Post,Sten Sanjorge,6,-0.125,1.1272222222222221
The Abila Post,Vann,5,-0.125,1.375
The Light of Truth,Cato,1,-0.125,0.375
The Truth,Juliana Vann,2,-0.125,0.375
The World,Cato,1,-0.125,0.375
World Journal,Fluss,1,-0.125,0.125
Athena Speaks," Jr.",5,-0.13333333333333333,0.475
Athena Speaks,Elan,1,-0.13333333333333333,0.13333333333333333
Athena Speaks,Juliana,3,-0.13333333333333333,0.13333333333333333
Athena Speaks,St. George,2,-0.13333333333333333,0.31666666666666665
Central Bulletin,Kraft,2,-0.1333333333333334,0.8111111111111112
International Times,Loblaw,3,-0.14238095238095244,1.5180952380952382
Modern Rubicon,Strum,2,-0.14898989898989906,0.8792929292929292
Everyday News,Alicia Bianca,1,-0.15,0.23333333333333334
Everyday News,Mahmed,1,-0.15,0.75
International Times,Alicia Bianca,1,-0.15,0.23333333333333334
International Times,Mahmed,1,-0.15,0.75
World Journal,Alicia Bianca,1,-0.15,0.23333333333333334
World Journal,Mahmed,1,-0.15,0.75
The Continent,Abila,1,-0.15000000000000002,0.13333333333333333
The Continent,Karel Kapelou II,1,-0.15000000000000002,0.4
The Wrap,Marek,2,-0.15000000000000002,0.5499999999999999
Everyday News,Karel Kapelou II,1,-0.1527777777777778,0.44166666666666665
The Orb,Cesare Nespola,3,-0.1545138888888889,0.7024305555555554
Kronos Star,Dorel Kapelou,1,-0.1555555555555556,0.2888888888888889
Homeland Illumination,Sten Sanjorge Jr,1,-0.16285714285714287,0.17142857142857143
The Wrap,Sten Sanjorge Jr,1,-0.16285714285714287,0.17142857142857143
Centrum Sentinel,Sten Sanjorge,2,-0.1638888888888889,0.2638888888888889
The Continent,Tethian,1,-0.16666666666666666,0.06666666666666667
The Wrap,Tomas Sarto,1,-0.16666666666666666,0.16666666666666666
News Desk,Tiskele,3,-0.1777777777777778,1.1777777777777778
Daily Pegasus,Marek,2,-0.1875,0.6
Worldwise,Silvia Marek,1,-0.1875,0.8125
All News Today,Cesare Nespola,3,-0.1951388888888889,0.7243055555555555
Homeland Illumination,Cesare Nespola,3,-0.1951388888888889,0.7243055555555555
Central Bulletin,Ren Touvi,1,-0.19999999999999998,0.2833333333333333
The Explainer,Ren Touvi,1,-0.19999999999999998,0.2833333333333333
All News Today,Henk Bodrogi,4,-0.2,0.7
International Times,Ada Campo-Corrente,1,-0.2,0.05
International Times,Ingrid Barranco,1,-0.2,0.05
International Times,Orhan Strum,1,-0.2,0.05
International Times,Sten Sanjorge Jr,1,-0.2,0.05
International Times,Willem Vasco-Pais,1,-0.2,0.05
Modern Rubicon,Sanjorge,2,-0.2,1.0
News Online Today,Reynolds,2,-0.2,0.1
Tethys News,Barranca,1,-0.2,0.4
Tethys News,Vasco-Pais,1,-0.2,0.4
The Tulip,Edvard Vann,1,-0.2,0.6
World Journal,Shawn Pastorini,1,-0.2,0.4
The Abila Post,Linda Lagos,1,-0.20000000000000004,0.38333333333333336
The Abila Post,Strum,2,-0.20000000000000004,0.38333333333333336
The Wrap,Osvaldo,1,-0.21083333333333334,0.4133333333333333
The Continent,Juliana Vann,2,-0.21129807692307695,0.8269230769230769
The Truth,Adrien Carman,4,-0.2125,0.7875
Daily Pegasus,Henk Bodrogi,7,-0.2146825396825397,1.401984126984127
World Journal,Karel Kapelou II,1,-0.21631944444444445,0.4111111111111111
Modern Rubicon,Linda Lagos,1,-0.22121212121212128,0.5515151515151514
News Desk,Edvard Vann,2,-0.2333333333333333,0.5333333333333333
The Continent,Alicia Bianca,1,-0.23333333333333334,0.2833333333333333
The Light of Truth," Sr",3,-0.23333333333333334,0.3
News Desk,Adrien Carman,3,-0.23958333333333331,0.66875
Athena Speaks,Vann,2,-0.24166666666666667,0.38958333333333334
International Times,Jayala Mahmed,1,-0.25,0.25
News Desk,Elodisian,1,-0.25,0.45
The Explainer,DUNNA,2,-0.25,0.75
The Explainer,THAD,2,-0.25,0.75
The Wrap,Jeroen,2,-0.25,0.55
The Wrap,M. Henk Bodrogi,1,-0.25,0.25
Who What News,Cato,1,-0.25416666666666665,0.45416666666666666
Who What News,Sten Sanjorge Jr.,2,-0.25416666666666665,0.45416666666666666
News Desk,ANDER-DERDE DEGREE,3,-0.2636363636363637,0.2545454545454545
International News,Carmen,1,-0.26666666666666666,0.3333333333333333
Kronos Star,Carmen,1,-0.26666666666666666,0.3333333333333333
The Guide,Carmen,1,-0.26666666666666666,0.3333333333333333
The Truth,Carmen,1,-0.26666666666666666,0.3333333333333333
Worldwise,Carmen,1,-0.26666666666666666,0.3333333333333333
Kronos Star,Adrien Carman,6,-0.2777777777777778,0.5694444444444445
Kronos Star,Juliana Vann,3,-0.28500000000000003,1.1749999999999998
The Explainer,Luis Araullo,1,-0.2916666666666667,0.5416666666666666
The World,Sten Sanjorge Jr.,2,-0.29583333333333334,0.5208333333333333
Athena Speaks,Campo-Corrente,1,-0.3,0.6
Athena Speaks,Ingrid Barranco,1,-0.3,0.6
Athena Speaks,Orhan Strum,1,-0.3,0.6
The Light of Truth,Ada Campo-Corrente,1,-0.3,0.6
The Light of Truth,Ingrid Barranco,1,-0.3,0.6
The Light of Truth,Orhan Strum,1,-0.3,0.6
The Guide,Karel,5,-0.3000000000000001,1.3416666666666668
News Online Today,Rufus Drymiau,2,-0.30833333333333335,0.48055555555555557
The Explainer,Vann,2,-0.3229166666666667,0.5104166666666667
The Continent,Adian Koppolis,1,-0.325,0.4166666666666667
The Continent,Kronos,4,-0.325,0.6166666666666667
International News,Nespola,3,-0.3263888888888889,0.9819444444444444
International News,Adrien Carman,3,-0.34206349206349207,0.8801587301587303
Worldwise,Drymiau,1,-0.34375,0.75
Central Bulletin,Adrien Carman,3,-0.34444444444444444,0.9444444444444445
Everyday News,Fixes Koppolis,1,-0.34500000000000003,0.4133333333333334
Athena Speaks,Edvard Vann,1,-0.35,0.55
The Abila Post,Edvard Vann,3,-0.35,1.35
The Explainer,Edvard Vann,1,-0.35,0.55
The Explainer,Emilio,1,-0.3625,0.5375
The Wrap,Juliana,11,-0.3629464285714286,2.864285714285714
Athena Speaks,Kraft,1,-0.3666666666666667,0.6333333333333333
Athena Speaks,Michale Kraft,1,-0.3666666666666667,0.6333333333333333
Kronos Star,"Silvia Marek's",1,-0.375,0.625
The Guide,Silvia Marek,1,-0.375,0.625
The Truth,"Silvia Marek's",1,-0.375,0.625
Athena Speaks,Elodis,2,-0.4,0.0
Modern Rubicon,Ada Campo-Corrente,1,-0.4,0.6
Modern Rubicon,Ingrid Barranco,1,-0.4,0.6
Modern Rubicon,Orhan Strum,1,-0.4,0.6
Modern Rubicon,Willem Vasco-Pais,1,-0.4,0.6
The General Post,Edvard Vann,1,-0.4,0.7
The Light of Truth,Edvard Vann,1,-0.4,0.7
The World,Edvard Vann,1,-0.4,0.7
The Wrap,Elian Karel,8,-0.4,1.2
Who What News,Edvard Vann,1,-0.4,0.7
International News,Michale Kraft,1,-0.4000000000000001,0.6
Kronos Star,Michale Kraft,1,-0.4000000000000001,0.6
News Desk,Michale Kraft,1,-0.4000000000000001,0.6
The Abila Post,Michale Kraft,1,-0.4000000000000001,0.6
The Explainer,Michale Kraft,1,-0.4000000000000001,0.6
The Guide,Michale Kraft,1,-0.4000000000000001,0.6
The Truth,Michale Kraft,1,-0.4000000000000001,0.6
Worldwise,Michale Kraft,1,-0.4000000000000001,0.6
International News,Rufus Drymiau,3,-0.4083333333333333,0.6305555555555555
Central Bulletin,Edvard Vann,2,-0.44999999999999996,0.9500000000000001
News Online Today,Edvard Vann,3,-0.44999999999999996,0.9500000000000001
International Times,Adian Koppolis,1,-0.45,0.6
World Journal,Adian Koppolis,1,-0.45,0.6
Everyday News,Drymiau,1,-0.5,0.7611111111111111
The Continent,Mahmed,1,-0.5,1.0
Kronos Star,Vincent Kapelou,4,-0.5318181818181817,1.6272727272727272
The Guide,Vincent Kapelou,4,-0.5318181818181817,1.3772727272727272
The Truth,Vincent Kapelou,4,-0.5318181818181817,2.227272727272727
Homeland Illumination,Juliana,13,-0.546577380952381,1.6238095238095238
The Orb,Elian,12,-0.5805555555555556,3.5465277777777775
Athena Speaks,"Carman d' Adrien",2,-0.6333333333333333,0.9666666666666666
Worldwise,Kraft,2,-0.6666666666666666,1.3333333333333333
Worldwise,Vincent Kapelou,4,-0.66875,1.8666666666666667
News Online Today,Karel,20,-0.6710185185185188,5.581851851851851
Modern Rubicon,Vann,3,-0.6833333333333333,1.25
The Orb,Elian Karel,8,-0.7000000000000001,2.35
The Wrap,Juliana Vann,9,-0.7027976190476191,4.044285714285714
Worldwise,Nespola,6,-0.7201388888888889,1.898611111111111
News Desk,Rufus Drymiau,3,-0.7333333333333334,1.7222222222222223
Athena Speaks,Carol,2,-0.7666666666666667,1.1666666666666665
The Abila Post,Adrien Carman,3,-0.7666666666666667,1.0833333333333335
News Online Today,Michale Kraft,2,-0.8000000000000002,1.2
The Abila Post,Kraft,2,-0.8000000000000002,1.2
The Wrap,Henk Bodrogi,7,-0.8250000000000001,1.8000000000000003
Homeland Illumination,Henk Bodrogi,9,-0.9232804232804234,2.3248677248677247
Kronos Star,Karel,6,-0.9600000000000002,2.5416666666666665
The Orb,Henk Bodrogi,9,-0.9824999999999999,2.0283333333333333
World Journal,Drymiau,1,-1.0,1.0
Daily Pegasus,Elian Karel,7,-1.0166666666666668,2.6166666666666667
International News,Karel,4,-1.06,1.7999999999999998
The Explainer,Rufus Drymiau,3,-1.1083333333333334,1.5305555555555557
Daily Pegasus,Julian,10,-1.1267857142857143,2.9761904761904763
Central Bulletin,Rufus Drymiau,3,-1.3083333333333333,1.8805555555555555
The Abila Post,Rufus Drymiau,3,-1.3083333333333333,1.8805555555555555
